,ch4_year,ch4_month,ch4_decimal_date,ch4_average,ch4_average_unc,ch4_trend,ch4_trend_unc
0,1983,7,1983.542,1625.93,2.26,1634.85,1.45
1,1983,8,1983.625,1628.08,2.88,1635.42,1.39
2,1983,9,1983.708,1638.41,2.34,1636.05,1.32
3,1983,10,1983.792,1644.8,1.5,1636.74,1.24
4,1983,11,1983.875,1642.62,0.73,1637.49,1.16
5,1983,12,1983.958,1639.53,0.89,1638.31,1.08
6,1984,1,1984.042,1638.77,1.95,1639.22,0.98
7,1984,2,1984.125,1638.87,2.11,1640.13,0.9
8,1984,3,1984.208,1640.82,1.78,1641.1,0.83
9,1984,4,1984.292,1643.96,2.06,1642.16,0.76
10,1984,5,1984.375,1643.16,1.14,1643.24,0.71
11,1984,6,1984.458,1639.72,0.82,1644.35,0.66
12,1984,7,1984.542,1637.97,1.01,1645.48,0.63
13,1984,8,1984.625,1641.7,1.47,1646.63,0.61
14,1984,9,1984.708,1650.59,1.19,1647.76,0.59
15,1984,10,1984.792,1654.59,1.45,1648.88,0.59
16,1984,11,1984.875,1653.82,0.96,1649.98,0.58
17,1984,12,1984.958,1656.19,1.06,1651.07,0.58
18,1985,1,1985.042,1655.58,0.96,1652.15,0.58
19,1985,2,1985.125,1652.25,1.36,1653.16,0.58
20,1985,3,1985.208,1654.61,1.0,1654.16,0.58
21,1985,4,1985.292,1658.18,0.83,1655.17,0.59
22,1985,5,1985.375,1655.89,1.21,1656.18,0.59
23,1985,6,1985.458,1650.04,1.22,1657.18,0.59
24,1985,7,1985.542,1646.8,1.17,1658.18,0.6
25,1985,8,1985.625,1652.26,1.06,1659.2,0.61
26,1985,9,1985.708,1662.48,0.98,1660.21,0.61
27,1985,10,1985.792,1667.5,1.16,1661.22,0.62
28,1985,11,1985.875,1666.83,1.32,1662.25,0.64
29,1985,12,1985.958,1666.03,1.17,1663.28,0.65
30,1986,1,1986.042,1666.26,1.18,1664.34,0.67
31,1986,2,1986.125,1666.93,1.72,1665.36,0.69
32,1986,3,1986.208,1669.27,1.32,1666.38,0.7
33,1986,4,1986.292,1670.8,1.37,1667.45,0.72
34,1986,5,1986.375,1668.45,0.96,1668.52,0.75
35,1986,6,1986.458,1664.76,1.14,1669.6,0.77
36,1986,7,1986.542,1662.33,1.13,1670.68,0.78
37,1986,8,1986.625,1664.39,1.53,1671.78,0.8
38,1986,9,1986.708,1672.57,1.36,1672.87,0.81
39,1986,10,1986.792,1678.67,1.61,1673.96,0.81
40,1986,11,1986.875,1679.0,1.88,1675.05,0.8
41,1986,12,1986.958,1679.1,1.15,1676.14,0.79
42,1987,1,1987.042,1679.37,1.16,1677.24,0.76
43,1987,2,1987.125,1679.05,1.06,1678.28,0.73
44,1987,3,1987.208,1680.06,0.87,1679.31,0.7
45,1987,4,1987.292,1681.36,0.82,1680.35,0.66
46,1987,5,1987.375,1681.85,1.08,1681.37,0.62
47,1987,6,1987.458,1679.98,1.11,1682.37,0.57
48,1987,7,1987.542,1675.96,0.83,1683.34,0.53
49,1987,8,1987.625,1677.17,0.82,1684.29,0.49
50,1987,9,1987.708,1685.58,0.91,1685.2,0.46
51,1987,10,1987.792,1691.57,1.01,1686.08,0.44
52,1987,11,1987.875,1691.18,0.85,1686.93,0.43
53,1987,12,1987.958,1690.51,0.84,1687.77,0.43
54,1988,1,1988.042,1692.18,0.93,1688.62,0.46
55,1988,2,1988.125,1692.8,0.89,1689.41,0.48
56,1988,3,1988.208,1691.47,1.06,1690.2,0.51
57,1988,4,1988.292,1690.1,1.06,1691.03,0.54
58,1988,5,1988.375,1689.13,0.98,1691.87,0.58
59,1988,6,1988.458,1687.19,1.22,1692.73,0.61
60,1988,7,1988.542,1686.01,0.95,1693.61,0.63
61,1988,8,1988.625,1689.43,1.11,1694.53,0.65
62,1988,9,1988.708,1696.14,1.2,1695.46,0.66
63,1988,10,1988.792,1701.2,1.26,1696.42,0.66
64,1988,11,1988.875,1702.98,1.34,1697.39,0.66
65,1988,12,1988.958,1702.04,1.14,1698.39,0.65
66,1989,1,1989.042,1700.56,1.0,1699.41,0.64
67,1989,2,1989.125,1701.08,1.17,1700.39,0.63
68,1989,3,1989.208,1702.47,1.26,1701.36,0.62
69,1989,4,1989.292,1703.58,1.03,1702.37,0.6
70,1989,5,1989.375,1703.38,0.51,1703.36,0.59
71,1989,6,1989.458,1700.2,0.95,1704.33,0.57
72,1989,7,1989.542,1698.2,0.98,1705.28,0.56
73,1989,8,1989.625,1702.0,1.02,1706.22,0.55
74,1989,9,1989.708,1707.17,0.94,1707.12,0.55
75,1989,10,1989.792,1710.52,0.9,1707.98,0.55
76,1989,11,1989.875,1713.14,0.89,1708.81,0.56
77,1989,12,1989.958,1713.21,0.93,1709.61,0.57
78,1990,1,1990.042,1712.1,1.11,1710.39,0.59
79,1990,2,1990.125,1713.52,1.2,1711.09,0.61
80,1990,3,1990.208,1714.39,1.09,1711.77,0.63
81,1990,4,1990.292,1712.5,1.09,1712.45,0.65
82,1990,5,1990.375,1710.58,0.98,1713.12,0.66
83,1990,6,1990.458,1708.32,0.82,1713.77,0.68
84,1990,7,1990.542,1706.4,0.78,1714.43,0.69
85,1990,8,1990.625,1710.12,1.2,1715.11,0.7
86,1990,9,1990.708,1717.55,1.19,1715.81,0.7
87,1990,10,1990.792,1722.06,1.01,1716.55,0.7
88,1990,11,1990.875,1723.54,0.96,1717.34,0.7
89,1990,12,1990.958,1723.3,1.25,1718.2,0.7
90,1991,1,1991.042,1721.5,1.27,1719.15,0.7
91,1991,2,1991.125,1721.16,1.22,1720.13,0.7
92,1991,3,1991.208,1722.06,0.98,1721.18,0.7
93,1991,4,1991.292,1722.48,1.06,1722.34,0.7
94,1991,5,1991.375,1722.18,1.11,1723.57,0.7
95,1991,6,1991.458,1718.94,1.11,1724.85,0.7
96,1991,7,1991.542,1715.99,0.97,1726.15,0.7
97,1991,8,1991.625,1719.21,1.08,1727.49,0.7
98,1991,9,1991.708,1726.17,1.6,1728.77,0.7
99,1991,10,1991.792,1732.74,0.99,1730.01,0.69
100,1991,11,1991.875,1737.39,1.04,1731.17,0.68
101,1991,12,1991.958,1739.51,1.14,1732.22,0.67
102,1992,1,1992.042,1738.91,1.11,1733.17,0.65
103,1992,2,1992.125,1737.42,1.07,1733.93,0.63
104,1992,3,1992.208,1736.93,0.84,1734.54,0.61
105,1992,4,1992.292,1736.63,0.59,1735.02,0.59
106,1992,5,1992.375,1734.95,0.82,1735.35,0.58
107,1992,6,1992.458,1731.54,1.05,1735.55,0.56
108,1992,7,1992.542,1728.79,1.04,1735.63,0.55
109,1992,8,1992.625,1730.32,0.83,1735.61,0.54
110,1992,9,1992.708,1734.58,0.64,1735.53,0.53
111,1992,10,1992.792,1737.66,0.88,1735.42,0.52
112,1992,11,1992.875,1739.25,1.16,1735.29,0.51
113,1992,12,1992.958,1738.55,1.03,1735.19,0.51
114,1993,1,1993.042,1735.78,0.99,1735.12,0.49
115,1993,2,1993.125,1734.45,1.02,1735.11,0.48
116,1993,3,1993.208,1735.51,0.93,1735.17,0.47
117,1993,4,1993.292,1736.66,0.8,1735.31,0.47
118,1993,5,1993.375,1734.99,0.76,1735.53,0.47
119,1993,6,1993.458,1730.86,0.85,1735.82,0.48
120,1993,7,1993.542,1728.06,1.02,1736.18,0.49
121,1993,8,1993.625,1731.24,0.94,1736.61,0.51
122,1993,9,1993.708,1738.49,0.97,1737.09,0.54
123,1993,10,1993.792,1743.4,1.17,1737.6,0.57
124,1993,11,1993.875,1745.26,0.88,1738.15,0.59
125,1993,12,1993.958,1744.29,1.01,1738.71,0.61
126,1994,1,1994.042,1741.41,0.94,1739.3,0.62
127,1994,2,1994.125,1740.9,1.11,1739.87,0.63
128,1994,3,1994.208,1741.94,1.01,1740.44,0.62
129,1994,4,1994.292,1741.93,0.77,1741.04,0.62
130,1994,5,1994.375,1740.65,1.06,1741.65,0.6
131,1994,6,1994.458,1736.9,1.21,1742.26,0.59
132,1994,7,1994.542,1732.42,1.14,1742.88,0.57
133,1994,8,1994.625,1734.11,1.12,1743.51,0.55
134,1994,9,1994.708,1742.93,0.83,1744.13,0.53
135,1994,10,1994.792,1749.83,0.78,1744.75,0.52
136,1994,11,1994.875,1751.29,0.89,1745.36,0.52
137,1994,12,1994.958,1751.58,0.89,1745.95,0.51
138,1995,1,1995.042,1751.11,0.93,1746.53,0.51
139,1995,2,1995.125,1749.52,1.0,1747.04,0.51
140,1995,3,1995.208,1748.99,0.69,1747.52,0.51
141,1995,4,1995.292,1749.42,0.82,1747.97,0.51
142,1995,5,1995.375,1747.66,1.06,1748.37,0.5
143,1995,6,1995.458,1742.82,0.94,1748.72,0.49
144,1995,7,1995.542,1740.16,0.8,1749.02,0.48
145,1995,8,1995.625,1743.6,1.04,1749.28,0.47
146,1995,9,1995.708,1749.76,1.12,1749.49,0.46
147,1995,10,1995.792,1754.34,0.8,1749.68,0.47
148,1995,11,1995.875,1755.53,0.94,1749.85,0.48
149,1995,12,1995.958,1753.84,0.96,1750.0,0.51
150,1996,1,1996.042,1752.2,1.06,1750.16,0.54
151,1996,2,1996.125,1752.75,1.03,1750.31,0.58
152,1996,3,1996.208,1752.23,0.9,1750.47,0.62
153,1996,4,1996.292,1749.58,0.99,1750.65,0.65
154,1996,5,1996.375,1748.3,1.06,1750.85,0.69
155,1996,6,1996.458,1746.02,1.05,1751.05,0.71
156,1996,7,1996.542,1742.04,1.07,1751.27,0.73
157,1996,8,1996.625,1744.27,1.31,1751.5,0.73
158,1996,9,1996.708,1752.57,1.3,1751.73,0.73
159,1996,10,1996.792,1758.86,0.96,1751.96,0.71
160,1996,11,1996.875,1760.06,0.96,1752.19,0.68
161,1996,12,1996.958,1756.88,0.89,1752.42,0.65
162,1997,1,1997.042,1753.31,0.91,1752.66,0.61
163,1997,2,1997.125,1753.83,1.16,1752.89,0.57
164,1997,3,1997.208,1755.64,0.86,1753.15,0.53
165,1997,4,1997.292,1755.49,0.96,1753.44,0.48
166,1997,5,1997.375,1753.83,0.77,1753.78,0.44
167,1997,6,1997.458,1750.12,0.96,1754.18,0.41
168,1997,7,1997.542,1746.09,0.95,1754.65,0.39
169,1997,8,1997.625,1747.75,0.95,1755.21,0.39
170,1997,9,1997.708,1754.88,0.99,1755.86,0.39
171,1997,10,1997.792,1760.22,0.77,1756.6,0.41
172,1997,11,1997.875,1761.71,0.96,1757.45,0.43
173,1997,12,1997.958,1761.87,0.76,1758.38,0.45
174,1998,1,1998.042,1761.43,0.75,1759.42,0.48
175,1998,2,1998.125,1761.46,1.14,1760.48,0.5
176,1998,3,1998.208,1762.94,1.31,1761.59,0.52
177,1998,4,1998.292,1764.7,0.93,1762.77,0.55
178,1998,5,1998.375,1764.25,0.86,1763.96,0.57
179,1998,6,1998.458,1760.32,0.79,1765.13,0.59
180,1998,7,1998.542,1756.15,1.18,1766.26,0.62
181,1998,8,1998.625,1760.2,1.07,1767.35,0.64
182,1998,9,1998.708,1770.65,1.27,1768.34,0.66
183,1998,10,1998.792,1776.23,1.2,1769.24,0.68
184,1998,11,1998.875,1775.5,0.87,1770.04,0.7
185,1998,12,1998.958,1774.03,0.82,1770.73,0.71
186,1999,1,1999.042,1773.81,0.97,1771.32,0.71
187,1999,2,1999.125,1773.94,1.44,1771.78,0.71
188,1999,3,1999.208,1774.6,1.12,1772.16,0.71
189,1999,4,1999.292,1774.98,0.82,1772.46,0.71
190,1999,5,1999.375,1772.69,0.94,1772.7,0.7
191,1999,6,1999.458,1767.34,0.92,1772.88,0.69
192,1999,7,1999.542,1762.96,0.9,1773.01,0.69
193,1999,8,1999.625,1764.66,1.03,1773.11,0.69
194,1999,9,1999.708,1771.01,0.95,1773.19,0.7
195,1999,10,1999.792,1776.62,0.94,1773.24,0.71
196,1999,11,1999.875,1778.59,0.86,1773.28,0.73
197,1999,12,1999.958,1777.23,0.85,1773.31,0.75
198,2000,1,2000.042,1775.49,1.11,1773.32,0.77
199,2000,2,2000.125,1775.46,1.38,1773.32,0.79
200,2000,3,2000.208,1776.48,1.39,1773.3,0.8
201,2000,4,2000.292,1777.2,1.32,1773.25,0.81
202,2000,5,2000.375,1774.58,1.28,1773.18,0.81
203,2000,6,2000.458,1768.13,1.22,1773.09,0.81
204,2000,7,2000.542,1763.47,0.89,1772.96,0.8
205,2000,8,2000.625,1765.46,1.07,1772.81,0.78
206,2000,9,2000.708,1772.03,1.11,1772.63,0.77
207,2000,10,2000.792,1777.1,0.85,1772.44,0.74
208,2000,11,2000.875,1777.74,0.99,1772.23,0.72
209,2000,12,2000.958,1775.3,1.14,1772.03,0.7
210,2001,1,2001.042,1772.86,0.93,1771.82,0.68
211,2001,2,2001.125,1772.53,0.94,1771.63,0.67
212,2001,3,2001.208,1773.66,0.94,1771.46,0.65
213,2001,4,2001.292,1773.87,0.69,1771.31,0.64
214,2001,5,2001.375,1770.76,0.83,1771.19,0.63
215,2001,6,2001.458,1765.84,0.98,1771.1,0.61
216,2001,7,2001.542,1762.78,1.03,1771.04,0.6
217,2001,8,2001.625,1764.32,0.98,1771.02,0.59
218,2001,9,2001.708,1770.35,0.87,1771.02,0.57
219,2001,10,2001.792,1775.49,0.75,1771.06,0.56
220,2001,11,2001.875,1776.59,0.87,1771.11,0.54
221,2001,12,2001.958,1775.91,1.18,1771.19,0.52
222,2002,1,2002.042,1774.09,1.29,1771.3,0.51
223,2002,2,2002.125,1772.84,1.04,1771.41,0.51
224,2002,3,2002.208,1773.4,0.64,1771.55,0.51
225,2002,4,2002.292,1772.75,0.69,1771.71,0.52
226,2002,5,2002.375,1770.31,0.7,1771.89,0.53
227,2002,6,2002.458,1766.9,0.82,1772.1,0.55
228,2002,7,2002.542,1764.22,0.91,1772.35,0.57
229,2002,8,2002.625,1766.87,1.01,1772.64,0.59
230,2002,9,2002.708,1773.65,0.97,1772.96,0.61
231,2002,10,2002.792,1778.26,1.27,1773.34,0.61
232,2002,11,2002.875,1779.53,1.17,1773.76,0.61
233,2002,12,2002.958,1779.64,0.85,1774.23,0.6
234,2003,1,2003.042,1777.52,1.03,1774.74,0.58
235,2003,2,2003.125,1774.84,1.01,1775.27,0.56
236,2003,3,2003.208,1774.85,0.91,1775.82,0.54
237,2003,4,2003.292,1775.8,1.48,1776.39,0.52
238,2003,5,2003.375,1774.46,1.28,1776.97,0.5
239,2003,6,2003.458,1771.68,1.13,1777.51,0.49
240,2003,7,2003.542,1770.71,1.68,1778.02,0.48
241,2003,8,2003.625,1774.31,1.46,1778.47,0.48
242,2003,9,2003.708,1780.54,0.93,1778.84,0.48
243,2003,10,2003.792,1784.69,0.8,1779.11,0.49
244,2003,11,2003.875,1785.3,0.99,1779.28,0.49
245,2003,12,2003.958,1783.55,0.97,1779.33,0.5
246,2004,1,2004.042,1780.85,0.93,1779.26,0.5
247,2004,2,2004.125,1779.98,0.89,1779.08,0.5
248,2004,3,2004.208,1780.96,0.8,1778.81,0.5
249,2004,4,2004.292,1780.71,0.87,1778.43,0.5
250,2004,5,2004.375,1777.58,1.04,1777.98,0.5
251,2004,6,2004.458,1772.29,1.11,1777.47,0.51
252,2004,7,2004.542,1768.04,0.83,1776.94,0.52
253,2004,8,2004.625,1769.8,0.92,1776.39,0.53
254,2004,9,2004.708,1775.49,1.02,1775.87,0.54
255,2004,10,2004.792,1779.69,0.83,1775.39,0.55
256,2004,11,2004.875,1780.49,0.99,1774.97,0.56
257,2004,12,2004.958,1778.36,0.94,1774.62,0.56
258,2005,1,2005.042,1776.33,1.12,1774.35,0.57
259,2005,2,2005.125,1775.83,0.94,1774.18,0.58
260,2005,3,2005.208,1775.45,1.01,1774.08,0.59
261,2005,4,2005.292,1774.58,0.9,1774.06,0.61
262,2005,5,2005.375,1772.25,0.76,1774.1,0.62
263,2005,6,2005.458,1768.53,1.04,1774.18,0.64
264,2005,7,2005.542,1766.25,0.9,1774.3,0.65
265,2005,8,2005.625,1768.04,1.06,1774.43,0.66
266,2005,9,2005.708,1773.07,1.22,1774.55,0.67
267,2005,10,2005.792,1778.48,1.27,1774.65,0.66
268,2005,11,2005.875,1781.25,0.94,1774.73,0.65
269,2005,12,2005.958,1780.26,1.32,1774.77,0.64
270,2006,1,2006.042,1779.51,0.98,1774.78,0.62
271,2006,2,2006.125,1779.48,1.01,1774.76,0.6
272,2006,3,2006.208,1777.39,0.8,1774.74,0.58
273,2006,4,2006.292,1776.11,0.62,1774.71,0.57
274,2006,5,2006.375,1774.92,1.03,1774.7,0.55
275,2006,6,2006.458,1769.23,1.39,1774.72,0.55
276,2006,7,2006.542,1764.17,1.25,1774.8,0.55
277,2006,8,2006.625,1767.25,1.26,1774.95,0.55
278,2006,9,2006.708,1774.57,1.24,1775.18,0.56
279,2006,10,2006.792,1778.24,0.83,1775.5,0.56
280,2006,11,2006.875,1779.06,0.81,1775.91,0.57
281,2006,12,2006.958,1779.91,0.85,1776.41,0.57
282,2007,1,2007.042,1779.19,1.03,1777.0,0.58
283,2007,2,2007.125,1778.61,1.08,1777.62,0.58
284,2007,3,2007.208,1780.24,0.9,1778.29,0.59
285,2007,4,2007.292,1781.11,0.96,1779.02,0.6
286,2007,5,2007.375,1779.49,1.27,1779.75,0.61
287,2007,6,2007.458,1775.61,1.11,1780.49,0.62
288,2007,7,2007.542,1772.59,1.11,1781.21,0.64
289,2007,8,2007.625,1777.21,1.42,1781.9,0.65
290,2007,9,2007.708,1785.86,1.43,1782.55,0.66
291,2007,10,2007.792,1789.85,1.06,1783.17,0.68
292,2007,11,2007.875,1789.55,1.02,1783.74,0.69
293,2007,12,2007.958,1788.17,1.27,1784.28,0.71
294,2008,1,2008.042,1786.66,1.39,1784.81,0.72
295,2008,2,2008.125,1785.82,1.22,1785.3,0.73
296,2008,3,2008.208,1786.16,1.24,1785.78,0.74
297,2008,4,2008.292,1786.88,1.01,1786.29,0.74
298,2008,5,2008.375,1785.21,0.96,1786.8,0.74
299,2008,6,2008.458,1780.46,0.88,1787.33,0.73
300,2008,7,2008.542,1777.64,0.91,1787.88,0.72
301,2008,8,2008.625,1781.07,1.06,1788.46,0.7
302,2008,9,2008.708,1787.65,1.06,1789.04,0.68
303,2008,10,2008.792,1793.67,0.9,1789.62,0.66
304,2008,11,2008.875,1797.33,1.49,1790.2,0.64
305,2008,12,2008.958,1796.58,1.47,1790.77,0.62
306,2009,1,2009.042,1795.05,1.04,1791.33,0.61
307,2009,2,2009.125,1795.61,1.2,1791.84,0.6
308,2009,3,2009.208,1795.97,1.13,1792.31,0.61
309,2009,4,2009.292,1795.54,0.83,1792.77,0.62
310,2009,5,2009.375,1792.36,0.74,1793.19,0.64
311,2009,6,2009.458,1786.9,0.79,1793.57,0.66
312,2009,7,2009.542,1784.96,1.05,1793.93,0.68
313,2009,8,2009.625,1788.84,0.97,1794.27,0.69
314,2009,9,2009.708,1794.79,1.23,1794.6,0.7
315,2009,10,2009.792,1798.03,1.28,1794.91,0.71
316,2009,11,2009.875,1797.92,0.76,1795.24,0.71
317,2009,12,2009.958,1796.67,1.05,1795.57,0.71
318,2010,1,2010.042,1797.1,1.34,1795.92,0.7
319,2010,2,2010.125,1798.79,1.2,1796.28,0.69
320,2010,3,2010.208,1799.46,1.09,1796.66,0.68
321,2010,4,2010.292,1799.58,0.98,1797.07,0.68
322,2010,5,2010.375,1797.64,1.24,1797.5,0.68
323,2010,6,2010.458,1792.46,1.3,1797.95,0.68
324,2010,7,2010.542,1789.43,0.98,1798.41,0.68
325,2010,8,2010.625,1794.11,1.18,1798.88,0.68
326,2010,9,2010.708,1801.86,1.25,1799.35,0.69
327,2010,10,2010.792,1806.59,1.08,1799.81,0.68
328,2010,11,2010.875,1807.07,1.03,1800.27,0.68
329,2010,12,2010.958,1803.58,1.15,1800.73,0.68
330,2011,1,2011.042,1800.44,1.19,1801.17,0.67
331,2011,2,2011.125,1800.2,0.95,1801.59,0.66
332,2011,3,2011.208,1800.97,0.68,1802.0,0.65
333,2011,4,2011.292,1802.88,0.8,1802.41,0.65
334,2011,5,2011.375,1803.33,0.88,1802.82,0.65
335,2011,6,2011.458,1799.15,0.81,1803.22,0.65
336,2011,7,2011.542,1796.2,1.04,1803.62,0.65
337,2011,8,2011.625,1799.06,1.0,1804.03,0.66
338,2011,9,2011.708,1804.05,1.53,1804.43,0.67
339,2011,10,2011.792,1809.59,1.57,1804.84,0.67
340,2011,11,2011.875,1812.42,1.22,1805.25,0.67
341,2011,12,2011.958,1810.03,1.07,1805.67,0.67
342,2012,1,2012.042,1807.35,1.06,1806.11,0.67
343,2012,2,2012.125,1808.38,1.29,1806.53,0.67
344,2012,3,2012.208,1810.05,0.84,1806.95,0.67
345,2012,4,2012.292,1808.48,0.63,1807.4,0.67
346,2012,5,2012.375,1804.78,1.21,1807.85,0.67
347,2012,6,2012.458,1801.0,1.27,1808.29,0.67
348,2012,7,2012.542,1799.38,1.21,1808.72,0.67
349,2012,8,2012.625,1803.31,0.97,1809.16,0.67
350,2012,9,2012.708,1810.14,1.08,1809.57,0.66
351,2012,10,2012.792,1814.84,0.98,1809.96,0.66
352,2012,11,2012.875,1815.98,1.23,1810.34,0.65
353,2012,12,2012.958,1814.57,0.96,1810.7,0.64
354,2013,1,2013.042,1814.04,0.99,1811.05,0.64
355,2013,2,2013.125,1814.16,1.44,1811.37,0.63
356,2013,3,2013.208,1813.25,1.07,1811.69,0.63
357,2013,4,2013.292,1812.82,0.66,1812.02,0.63
358,2013,5,2013.375,1811.95,0.95,1812.36,0.64
359,2013,6,2013.458,1808.6,1.31,1812.72,0.64
360,2013,7,2013.542,1805.98,1.6,1813.13,0.63
361,2013,8,2013.625,1808.55,1.1,1813.59,0.63
362,2013,9,2013.708,1814.24,0.9,1814.1,0.63
363,2013,10,2013.792,1818.51,0.74,1814.69,0.62
364,2013,11,2013.875,1820.37,0.75,1815.35,0.61
365,2013,12,2013.958,1819.33,0.96,1816.1,0.6
366,2014,1,2014.042,1816.8,1.04,1816.94,0.6
367,2014,2,2014.125,1816.34,1.36,1817.82,0.59
368,2014,3,2014.208,1818.09,1.32,1818.76,0.58
369,2014,4,2014.292,1820.87,0.75,1819.8,0.58
370,2014,5,2014.375,1821.89,0.82,1820.89,0.58
371,2014,6,2014.458,1818.29,0.81,1822.02,0.57
372,2014,7,2014.542,1815.52,1.1,1823.17,0.57
373,2014,8,2014.625,1819.71,1.17,1824.34,0.56
374,2014,9,2014.708,1826.79,1.07,1825.48,0.56
375,2014,10,2014.792,1831.18,0.59,1826.6,0.55
376,2014,11,2014.875,1833.04,0.69,1827.69,0.54
377,2014,12,2014.958,1833.48,1.08,1828.74,0.54
378,2015,1,2015.042,1833.05,1.15,1829.77,0.53
379,2015,2,2015.125,1833.0,0.99,1830.71,0.52
380,2015,3,2015.208,1833.2,0.74,1831.61,0.52
381,2015,4,2015.292,1833.15,0.97,1832.51,0.52
382,2015,5,2015.375,1831.68,1.04,1833.37,0.52
383,2015,6,2015.458,1827.23,0.84,1834.21,0.53
384,2015,7,2015.542,1824.7,0.98,1835.03,0.54
385,2015,8,2015.625,1829.18,1.07,1835.84,0.55
386,2015,9,2015.708,1836.23,0.95,1836.63,0.57
387,2015,10,2015.792,1841.41,0.81,1837.4,0.59
388,2015,11,2015.875,1844.7,1.04,1838.17,0.61
389,2015,12,2015.958,1844.87,1.25,1838.92,0.63
390,2016,1,2016.042,1842.4,0.91,1839.67,0.66
391,2016,2,2016.125,1841.65,1.18,1840.36,0.68
392,2016,3,2016.208,1842.99,0.92,1841.03,0.69
393,2016,4,2016.292,1843.74,0.83,1841.7,0.7
394,2016,5,2016.375,1842.14,1.08,1842.33,0.71
395,2016,6,2016.458,1837.82,1.2,1842.94,0.71
396,2016,7,2016.542,1834.16,1.17,1843.52,0.71
397,2016,8,2016.625,1836.71,1.28,1844.08,0.7
398,2016,9,2016.708,1844.17,1.34,1844.6,0.68
399,2016,10,2016.792,1849.87,1.17,1845.11,0.66
400,2016,11,2016.875,1851.46,1.28,1845.6,0.64
401,2016,12,2016.958,1851.04,1.09,1846.08,0.62
402,2017,1,2017.042,1849.67,0.99,1846.56,0.6
403,2017,2,2017.125,1848.41,1.23,1847.03,0.59
404,2017,3,2017.208,1848.18,1.38,1847.51,0.58
405,2017,4,2017.292,1848.53,1.16,1848.01,0.58
406,2017,5,2017.375,1847.15,0.89,1848.54,0.59
407,2017,6,2017.458,1842.93,0.91,1849.08,0.61
408,2017,7,2017.542,1840.39,1.4,1849.65,0.62
409,2017,8,2017.625,1844.63,1.3,1850.25,0.64
410,2017,9,2017.708,1852.69,1.0,1850.87,0.66
411,2017,10,2017.792,1857.98,1.07,1851.51,0.68
412,2017,11,2017.875,1858.54,0.95,1852.17,0.7
413,2017,12,2017.958,1856.49,1.06,1852.85,0.71
414,2018,1,2018.042,1854.42,1.1,1853.57,0.73
415,2018,2,2018.125,1854.99,0.98,1854.26,0.74
416,2018,3,2018.208,1856.87,1.06,1854.97,0.75
417,2018,4,2018.292,1856.68,1.13,1855.71,0.77
418,2018,5,2018.375,1854.82,1.49,1856.45,0.78
419,2018,6,2018.458,1852.0,1.51,1857.2,0.79
420,2018,7,2018.542,1849.09,1.67,1857.95,0.8
421,2018,8,2018.625,1851.94,1.79,1858.7,0.81
422,2018,9,2018.708,1860.46,0.95,1859.44,0.81
423,2018,10,2018.792,1865.76,1.0,1860.17,0.81
424,2018,11,2018.875,1866.29,1.08,1860.89,0.8
425,2018,12,2018.958,1866.01,1.01,1861.6,0.79
426,2019,1,2019.042,1864.97,1.02,1862.33,0.77
427,2019,2,2019.125,1865.04,0.74,1863.01,0.74
428,2019,3,2019.208,1866.31,0.8,1863.69,0.72
429,2019,4,2019.292,1865.3,0.69,1864.41,0.69
430,2019,5,2019.375,1861.98,1.14,1865.13,0.65
431,2019,6,2019.458,1858.78,1.28,1865.88,0.61
432,2019,7,2019.542,1858.23,1.46,1866.65,0.58
433,2019,8,2019.625,1862.92,1.48,1867.47,0.55
434,2019,9,2019.708,1870.77,1.1,1868.31,0.53
435,2019,10,2019.792,1875.39,1.11,1869.2,0.51
436,2019,11,2019.875,1875.58,1.14,1870.13,0.51
437,2019,12,2019.958,1874.66,0.85,1871.12,0.51
438,2020,1,2020.042,1873.12,1.12,1872.18,0.52
439,2020,2,2020.125,1872.76,1.02,1873.22,0.53
440,2020,3,2020.208,1874.72,0.75,1874.31,0.54
441,2020,4,2020.292,1875.87,1.13,1875.5,0.55
442,2020,5,2020.375,1874.32,1.08,1876.7,0.55
443,2020,6,2020.458,1871.86,1.05,1877.95,0.56
444,2020,7,2020.542,1871.49,1.22,1879.23,0.55
445,2020,8,2020.625,1876.55,1.19,1880.55,0.55
446,2020,9,2020.708,1884.66,0.95,1881.89,0.54
447,2020,10,2020.792,1890.1,0.94,1883.25,0.53
448,2020,11,2020.875,1891.94,0.72,1884.64,0.52
449,2020,12,2020.958,1891.77,0.81,1886.05,0.51
450,2021,1,2021.042,1889.47,1.32,1887.51,0.5
451,2021,2,2021.125,1887.54,0.93,1888.92,0.49
452,2021,3,2021.208,1888.7,0.77,1890.36,0.48
453,2021,4,2021.292,1891.23,0.58,1891.86,0.46
454,2021,5,2021.375,1891.62,0.72,1893.38,0.45
455,2021,6,2021.458,1888.45,0.74,1894.92,0.45
456,2021,7,2021.542,1886.37,0.85,1896.46,0.45
457,2021,8,2021.625,1892.63,1.35,1898.02,0.46
458,2021,9,2021.708,1902.62,1.36,1899.55,0.48
459,2021,10,2021.792,1908.0,0.83,1901.06,0.51
460,2021,11,2021.875,1909.53,1.1,1902.54,0.55
461,2021,12,2021.958,1908.76,0.79,1903.98,0.59
462,2022,1,2022.042,1907.47,1.19,1905.4,0.63
463,2022,2,2022.125,1907.68,1.6,1906.7,0.66
464,2022,3,2022.208,1908.86,1.65,1907.95,0.69
465,2022,4,2022.292,1909.49,0.99,1909.18,0.72
466,2022,5,2022.375,1907.83,1.15,1910.36,0.75
467,2022,6,2022.458,1905.18,1.4,1911.48,0.78
468,2022,7,2022.542,1904.46,1.66,1912.56,0.81
469,2022,8,2022.625,1908.78,1.76,1913.62,0.85
470,2022,9,2022.708,1915.46,1.39,1914.64,0.88
471,2022,10,2022.792,1920.11,1.4,1915.64,0.91
472,2022,11,2022.875,1923.75,1.08,1916.64,0.94
473,2022,12,2022.958,1924.54,1.07,1917.65,0.96
474,2023,1,2023.042,1922.06,0.99,1918.69,0.98
475,2023,2,2023.125,1920.29,-9.99,1919.7,-9.99
476,2023,3,2023.208,1919.87,-9.99,1920.73,-9.99
477,2023,4,2023.292,1920.76,-9.99,1921.81,-9.99
478,2023,5,2023.375,1920.15,-9.99,1922.91,-9.99
479,2023,6,2023.458,1916.27,-9.99,1924.02,-9.99
480,2023,7,2023.542,1915.07,-9.99,1925.14,-9.99
481,2023,8,2023.625,1919.41,-9.99,1926.26,-9.99
