,modern_tempature_source,modern_temperature_year,modern_mean_temperature,bag,ztop,EDC3b√©ta,historical_temp_year,deutfinal,historical_temp_kelvin,acc-EDC3beta,modern_co2_Date,modern_co2_Decimal_Date,modern_co2_Average,modern_co2_Interpolated,modern_co2_Trend,modern_co2_Number_of_Days,historical_EDC3_gas_year,historical_co2_ppmv,historical_study_source,ch4_year,ch4_month,ch4_decimal_date,ch4_average,ch4_average_unc,ch4_trend,ch4_trend_unc,irish_rainfall_year,irish_rainfall_month,median_monthly_rainfall,irish_rainfall_date
0,GCAG,2016,0.9363,1,0.0,-50.0,-55.0,,218.3,3.105321,1958-03-01,1958.208,315.71,315.71,314.62,-1,137,280.4,Dome C (Monnin et al. 2001) measured at University of Bern,1983,7,1983.542,1625.93,2.26,1634.85,1.45,1711,1,16.4,1711-01-01
1,GISTEMP,2016,0.99,2,0.55,-43.55977,-50.51333333,,218.3,3.104805,1958-04-01,1958.292,317.45,317.45,315.29,-1,268,274.9,Dome C (Monnin et al. 2001) measured at University of Bern,1983,8,1983.625,1628.08,2.88,1635.42,1.39,1711,2,73.1,1711-02-01
2,GCAG,2015,0.8998,3,1.1,-37.44019,-46.02666667,,218.3,3.104404,1958-05-01,1958.375,317.5,317.5,314.71,-1,279,277.9,Dome C (Monnin et al. 2001) measured at University of Bern,1983,9,1983.708,1638.41,2.34,1636.05,1.32,1711,3,121.2,1711-03-01
3,GISTEMP,2015,0.87,4,1.65,-31.64156,-41.54,,218.3,3.104025,1958-06-01,1958.458,-99.99,317.1,314.85,-1,395,279.1,Dome C (Monnin et al. 2001) measured at University of Bern,1983,10,1983.792,1644.8,1.5,1636.74,1.24,1711,4,85.2,1711-04-01
4,GCAG,2014,0.7408,5,2.2,-24.55278,-34.51666667,,218.3,3.103453,1958-07-01,1958.542,315.86,315.86,314.98,-1,404,281.9,Dome C (Monnin et al. 2001) measured at University of Bern,1983,11,1983.875,1642.62,0.73,1637.49,1.16,1711,5,66.6,1711-05-01
5,GISTEMP,2014,0.74,6,2.75,-17.78422,-27.49333333,,218.3,3.102677,1958-08-01,1958.625,314.93,314.93,315.94,-1,485,277.7,Dome C (Monnin et al. 2001) measured at University of Bern,1983,12,1983.958,1639.53,0.89,1638.31,1.08,1711,6,66.6,1711-06-01
6,GCAG,2013,0.6679,7,3.3,-11.01305,-20.47,,218.3,3.101557,1958-09-01,1958.708,313.2,313.2,315.91,-1,559,281.1,Dome C (Monnin et al. 2001) measured at University of Bern,1984,1,1984.042,1638.77,1.95,1639.22,0.98,1711,7,46.9,1711-07-01
7,GISTEMP,2013,0.65,8,3.85,-3.2703,-12.21333333,,218.3,3.099708,1958-10-01,1958.792,-99.99,312.66,315.61,-1,672,282.2,Dome C (Monnin et al. 2001) measured at University of Bern,1984,2,1984.125,1638.87,2.11,1640.13,0.9,1711,8,91.7,1711-08-01
8,GCAG,2012,0.624,9,4.4,5.447842,-3.956666667,,218.3,3.096691,1958-11-01,1958.875,313.33,313.33,315.31,-1,754,280.1,Dome C (Monnin et al. 2001) measured at University of Bern,1984,3,1984.208,1640.82,1.78,1641.1,0.83,1711,9,74.2,1711-09-01
9,GISTEMP,2012,0.63,10,4.95,13.52999,4.3,,218.3,3.092812,1958-12-01,1958.958,314.67,314.67,315.61,-1,877,278.4,Dome C (Monnin et al. 2001) measured at University of Bern,1984,4,1984.292,1643.96,2.06,1642.16,0.76,1711,10,128.8,1711-10-01
10,GCAG,2011,0.5788,11,5.5,22.27284,13.22,,218.3,3.087226,1959-01-01,1959.042,315.62,315.62,315.7,-1,950,276.6,Dome C (Monnin et al. 2001) measured at University of Bern,1984,5,1984.375,1643.16,1.14,1643.24,0.71,1711,11,207.4,1711-11-01
11,GISTEMP,2011,0.6,12,6.05,30.70987,22.14,,218.3,3.080266,1959-02-01,1959.125,316.38,316.38,315.88,-1,1060,279.1,Dome C (Monnin et al. 2001) measured at University of Bern,1984,6,1984.458,1639.72,0.82,1644.35,0.66,1711,12,113.5,1711-12-01
12,GCAG,2010,0.7014,13,6.6,38.51757,31.06,-390.9,218.3,3.07229,1959-03-01,1959.208,316.71,316.71,315.62,-1,1153,277.7,Dome C (Monnin et al. 2001) measured at University of Bern,1984,7,1984.542,1637.97,1.01,1645.48,0.63,1712,1,42.6,1712-01-01
13,GISTEMP,2010,0.71,14,7.15,47.00211,39.72333333,-385.1,219.2,3.055912,1959-04-01,1959.292,317.72,317.72,315.56,-1,1233,278.7,Dome C (Monnin et al. 2001) measured at University of Bern,1984,8,1984.625,1641.7,1.47,1646.63,0.61,1712,2,31.3,1712-02-01
14,GCAG,2009,0.6367,15,7.7,55.20552,48.38666667,-377.8,220.4,3.043866,1959-05-01,1959.375,318.29,318.29,315.5,-1,1350,277.4,Dome C (Monnin et al. 2001) measured at University of Bern,1984,9,1984.708,1650.59,1.19,1647.76,0.59,1712,3,83.9,1712-03-01
15,GISTEMP,2009,0.64,16,8.25,64.43646,57.05,-394.1,217.7,3.027896,1959-06-01,1959.458,318.15,318.15,315.92,-1,1453,279.2,Dome C (Monnin et al. 2001) measured at University of Bern,1984,10,1984.792,1654.59,1.45,1648.88,0.59,1712,4,102.7,1712-04-01
16,GCAG,2008,0.5419,17,8.8,73.05573,66.38,-398.7,217.0,3.011312,1959-07-01,1959.542,316.54,316.54,315.66,-1,1552,280.0,Dome C (Monnin et al. 2001) measured at University of Bern,1984,11,1984.875,1653.82,0.96,1649.98,0.58,1712,5,60.1,1712-05-01
17,GISTEMP,2008,0.54,18,9.35,81.72349,75.71,-395.9,217.4,2.994881,1959-08-01,1959.625,314.8,314.8,315.81,-1,1638,278.9,Dome C (Monnin et al. 2001) measured at University of Bern,1984,12,1984.958,1656.19,1.06,1651.07,0.58,1712,6,102.7,1712-06-01
18,GCAG,2007,0.61,19,9.9,90.43857,85.04,-395.9,217.4,2.92487,1959-09-01,1959.708,313.84,313.84,316.55,-1,1733,278.7,Dome C (Monnin et al. 2001) measured at University of Bern,1985,1,1985.042,1655.58,0.96,1652.15,0.58,1712,7,200.4,1712-07-01
19,GISTEMP,2007,0.66,20,10.45,99.70485,94.86333333,-399.3,216.9,2.678806,1959-10-01,1959.792,313.26,313.26,316.19,-1,1812,278.0,Dome C (Monnin et al. 2001) measured at University of Bern,1985,2,1985.125,1652.25,1.36,1653.16,0.58,1712,8,106.5,1712-08-01
20,GCAG,2006,0.6125,21,11.0,109.8195,104.6866667,-391.4,218.2,2.668117,1959-11-01,1959.875,314.8,314.8,316.78,-1,1931,276.9,Dome C (Monnin et al. 2001) measured at University of Bern,1985,3,1985.208,1654.61,1.0,1654.16,0.58,1712,9,111.5,1712-09-01
21,GISTEMP,2006,0.63,22,11.55,119.2176,114.51,-399.5,216.8,2.660774,1959-12-01,1959.958,315.58,315.58,316.52,-1,2057,276.7,Dome C (Monnin et al. 2001) measured at University of Bern,1985,4,1985.292,1658.18,0.83,1655.17,0.59,1712,10,180.4,1712-10-01
22,GCAG,2005,0.6585,23,12.1,129.3916,124.6733333,-402.9,216.3,2.65627,1960-01-01,1960.042,316.43,316.43,316.51,-1,2128,276.7,Dome C (Monnin et al. 2001) measured at University of Bern,1985,5,1985.375,1655.89,1.21,1656.18,0.59,1712,11,175.4,1712-11-01
23,GISTEMP,2005,0.69,24,12.65,139.9534,134.8366667,-393.9,217.8,2.655582,1960-02-01,1960.125,316.97,316.97,316.47,-1,2212,277.6,Dome C (Monnin et al. 2001) measured at University of Bern,1985,6,1985.458,1650.04,1.22,1657.18,0.59,1712,12,55.1,1712-12-01
24,GCAG,2004,0.5783,25,13.2,150.1377,145.0,-398.6,217.0,2.659589,1960-03-01,1960.208,317.58,317.58,316.49,-1,2334,277.9,Dome C (Monnin et al. 2001) measured at University of Bern,1985,7,1985.542,1646.8,1.17,1658.18,0.6,1713,1,97.3,1713-01-01
25,GISTEMP,2004,0.55,26,13.75,160.6797,155.4433333,-389.8,218.4,2.662412,1960-04-01,1960.292,319.02,319.02,316.86,-1,2433,273.9,Dome C (Monnin et al. 2001) measured at University of Bern,1985,8,1985.625,1652.26,1.06,1659.2,0.61,1713,2,107.1,1713-02-01
26,GCAG,2003,0.6134,27,14.3,171.2088,165.8866667,-394.5,217.7,2.66669,1960-05-01,1960.375,320.03,320.03,317.24,-1,2536,278.9,Dome C (Monnin et al. 2001) measured at University of Bern,1985,9,1985.708,1662.48,0.98,1660.21,0.61,1713,3,60.9,1713-03-01
27,GISTEMP,2003,0.62,28,14.85,181.7194,176.33,-400.5,216.7,2.672306,1960-06-01,1960.458,319.59,319.59,317.36,-1,2604,275.3,Dome C (Monnin et al. 2001) measured at University of Bern,1985,10,1985.792,1667.5,1.16,1661.22,0.62,1713,4,30.5,1713-04-01
28,GCAG,2002,0.6023,29,15.4,191.8325,186.7333333,-403.6,216.2,2.678883,1960-07-01,1960.542,318.18,318.18,317.3,-1,2728,274.7,Dome C (Monnin et al. 2001) measured at University of Bern,1985,11,1985.875,1666.83,1.32,1662.25,0.64,1713,5,70.7,1713-05-01
29,GISTEMP,2002,0.63,30,15.95,202.293,197.1366667,-393.1,217.9,2.734536,1960-08-01,1960.625,315.91,315.91,316.92,-1,2806,276.3,Dome C (Monnin et al. 2001) measured at University of Bern,1985,12,1985.958,1666.03,1.17,1663.28,0.65,1713,6,76.6,1713-06-01
30,GCAG,2001,0.5473,31,16.5,212.5394,207.54,-410.9,215.0,2.745716,1960-09-01,1960.708,314.16,314.16,316.87,-1,2902,274.6,Dome C (Monnin et al. 2001) measured at University of Bern,1986,1,1986.042,1666.26,1.18,1664.34,0.67,1713,7,160.1,1713-07-01
31,GISTEMP,2001,0.55,32,17.05,223.471,218.3533333,-393.6,217.8,2.75664,1960-10-01,1960.792,313.83,313.83,316.76,-1,3053,276.3,Dome C (Monnin et al. 2001) measured at University of Bern,1986,2,1986.125,1666.93,1.72,1665.36,0.69,1713,8,127.7,1713-08-01
32,GCAG,2000,0.4262,33,17.6,233.9967,229.1666667,-391.1,218.2,2.768041,1960-11-01,1960.875,315.0,315.0,316.98,-1,3116,273.1,Dome C (Monnin et al. 2001) measured at University of Bern,1986,3,1986.208,1669.27,1.32,1666.38,0.7,1713,9,39.3,1713-09-01
33,GISTEMP,2000,0.42,34,18.15,244.8395,239.98,-391.9,218.1,2.764792,1960-12-01,1960.958,316.19,316.19,317.13,-1,3215,274.0,Dome C (Monnin et al. 2001) measured at University of Bern,1986,4,1986.292,1670.8,1.37,1667.45,0.72,1713,10,41.3,1713-10-01
34,GCAG,1999,0.4438,35,18.7,255.6953,251.3866667,-396.3,217.4,2.687325,1961-01-01,1961.042,316.93,316.93,317.03,-1,3336,275.0,Dome C (Monnin et al. 2001) measured at University of Bern,1986,5,1986.375,1668.45,0.96,1668.52,0.75,1713,11,90.4,1713-11-01
35,GISTEMP,1999,0.42,36,19.25,266.864,262.7933333,-397.0,217.3,2.699987,1961-02-01,1961.125,317.7,317.7,317.28,-1,3453,273.4,Dome C (Monnin et al. 2001) measured at University of Bern,1986,6,1986.458,1664.76,1.14,1669.6,0.77,1713,12,80.6,1713-12-01
36,GCAG,1998,0.6344,37,19.8,277.9812,274.2,-404.7,216.0,2.712933,1961-03-01,1961.208,318.54,318.54,317.47,-1,3523,273.0,Dome C (Monnin et al. 2001) measured at University of Bern,1986,7,1986.542,1662.33,1.13,1670.68,0.78,1714,1,42.4,1714-01-01
37,GISTEMP,1998,0.64,38,20.35,289.4143,286.1633333,-398.2,217.1,2.726437,1961-04-01,1961.292,319.48,319.48,317.27,-1,3622,271.5,Dome C (Monnin et al. 2001) measured at University of Bern,1986,8,1986.625,1664.39,1.53,1671.78,0.8,1714,2,80.5,1714-02-01
38,GCAG,1997,0.5187,39,20.9,301.1585,298.1266667,-395.2,217.6,2.724871,1961-05-01,1961.375,320.58,320.58,317.7,-1,3721,275.4,Dome C (Monnin et al. 2001) measured at University of Bern,1986,9,1986.708,1672.57,1.36,1672.87,0.81,1714,3,53.9,1714-03-01
39,GISTEMP,1997,0.48,40,21.45,312.545,310.09,-403.5,216.2,2.730676,1961-06-01,1961.458,319.77,319.77,317.48,-1,3790,274.9,Dome C (Monnin et al. 2001) measured at University of Bern,1986,10,1986.792,1678.67,1.61,1673.96,0.81,1714,4,56.6,1714-04-01
40,GCAG,1996,0.3228,41,22.0,323.9099,322.2733333,-398.6,217.0,2.743243,1961-07-01,1961.542,318.57,318.57,317.7,-1,3910,271.7,Dome C (Monnin et al. 2001) measured at University of Bern,1986,11,1986.875,1679.0,1.88,1675.05,0.8,1714,5,41.6,1714-05-01
41,GISTEMP,1996,0.35,42,22.55,335.5896,334.4566667,-399.7,216.8,2.755527,1961-08-01,1961.625,316.79,316.79,317.8,-1,4004,271.6,Dome C (Monnin et al. 2001) measured at University of Bern,1986,12,1986.958,1679.1,1.15,1676.14,0.79,1714,6,26.5,1714-06-01
42,GCAG,1995,0.4577,43,23.1,346.8579,346.64,-396.0,217.4,2.726245,1961-09-01,1961.708,314.8,314.8,317.49,-1,4096,272.8,Dome C (Monnin et al. 2001) measured at University of Bern,1987,1,1987.042,1679.37,1.16,1677.24,0.76,1714,7,150.3,1714-07-01
43,GISTEMP,1995,0.46,44,23.65,358.6178,359.39,-400.2,216.7,2.677694,1961-10-01,1961.792,315.38,315.38,318.35,-1,4161,271.5,Dome C (Monnin et al. 2001) measured at University of Bern,1987,2,1987.125,1679.05,1.06,1678.28,0.73,1714,8,79.6,1714-08-01
44,GCAG,1994,0.3409,45,24.2,370.9679,372.14,-401.6,216.5,2.686326,1961-11-01,1961.875,316.1,316.1,318.13,-1,4324,271.1,Dome C (Monnin et al. 2001) measured at University of Bern,1987,3,1987.208,1680.06,0.87,1679.31,0.7,1714,9,66.3,1714-09-01
45,GISTEMP,1994,0.32,46,24.75,382.9111,384.89,-405.4,215.9,2.693056,1961-12-01,1961.958,317.01,317.01,317.94,-1,4374,269.1,Dome C (Monnin et al. 2001) measured at University of Bern,1987,4,1987.292,1681.36,0.82,1680.35,0.66,1714,10,114.1,1714-10-01
46,GCAG,1993,0.2853,47,25.3,395.2021,397.84,-399.0,216.9,2.741105,1962-01-01,1962.042,317.94,317.94,318.06,-1,4480,269.8,Dome C (Monnin et al. 2001) measured at University of Bern,1987,5,1987.375,1681.85,1.08,1681.37,0.62,1714,11,82.2,1714-11-01
47,GISTEMP,1993,0.24,48,25.85,407.2843,410.79,-396.9,217.3,2.821527,1962-02-01,1962.125,318.56,318.56,318.11,-1,4573,271.5,Dome C (Monnin et al. 2001) measured at University of Bern,1987,6,1987.458,1679.98,1.11,1682.37,0.57,1714,12,90.2,1714-12-01
48,GCAG,1992,0.2571,49,26.4,418.6733,423.74,-394.9,217.6,2.821524,1962-03-01,1962.208,319.68,319.68,318.57,-1,4703,270.7,Dome C (Monnin et al. 2001) measured at University of Bern,1987,7,1987.542,1675.96,0.83,1683.34,0.53,1715,1,125.8,1715-01-01
49,GISTEMP,1992,0.23,50,26.95,430.4257,436.3933333,-406.6,215.7,2.818627,1962-04-01,1962.292,320.63,320.63,318.45,-1,4766,269.3,Dome C (Monnin et al. 2001) measured at University of Bern,1987,8,1987.625,1677.17,0.82,1684.29,0.49,1715,2,69.2,1715-02-01
50,GCAG,1991,0.4055,51,27.5,442.5554,449.0466667,-395.2,217.6,2.827304,1962-05-01,1962.375,321.01,321.01,318.2,-1,4874,268.6,Dome C (Monnin et al. 2001) measured at University of Bern,1987,9,1987.708,1685.58,0.91,1685.2,0.46,1715,3,76.7,1715-03-01
51,GISTEMP,1991,0.43,52,28.05,454.3007,461.7,-395.3,217.5,2.864376,1962-06-01,1962.458,320.55,320.55,318.27,-1,5004,269.8,Dome C (Monnin et al. 2001) measured at University of Bern,1987,10,1987.792,1691.57,1.01,1686.08,0.44,1715,4,135.9,1715-04-01
52,GCAG,1990,0.4328,53,28.6,466.2551,474.5333333,-399.5,216.8,2.850119,1962-07-01,1962.542,319.58,319.58,318.67,-1,5094,267.6,Dome C (Monnin et al. 2001) measured at University of Bern,1987,11,1987.875,1691.18,0.85,1686.93,0.43,1715,5,166.1,1715-05-01
53,GISTEMP,1990,0.44,54,29.15,478.2794,487.3666667,-401.0,216.6,2.831804,1962-08-01,1962.625,317.4,317.4,318.48,-1,5160,265.3,Dome C (Monnin et al. 2001) measured at University of Bern,1987,12,1987.958,1690.51,0.84,1687.77,0.43,1715,6,106.9,1715-06-01
54,GCAG,1989,0.297,55,29.7,490.3924,500.2,-393.6,217.8,2.783818,1962-09-01,1962.708,316.26,316.26,319.03,-1,5274,265.2,Dome C (Monnin et al. 2001) measured at University of Bern,1988,1,1988.042,1692.18,0.93,1688.62,0.46,1715,7,123.3,1715-07-01
55,GISTEMP,1989,0.29,56,30.25,503.0865,513.42,-410.4,215.0,2.649808,1962-10-01,1962.792,315.42,315.42,318.33,-1,5370,267.6,Dome C (Monnin et al. 2001) measured at University of Bern,1988,2,1988.125,1692.8,0.89,1689.41,0.48,1715,8,108.2,1715-08-01
56,GCAG,1988,0.3757,57,30.8,516.0368,526.64,-401.3,216.5,2.628777,1962-11-01,1962.875,316.69,316.69,318.62,-1,5476,265.9,Dome C (Monnin et al. 2001) measured at University of Bern,1988,3,1988.208,1691.47,1.06,1690.2,0.51,1715,9,128.3,1715-09-01
57,GISTEMP,1988,0.41,58,31.35,529.475,539.86,-398.3,217.0,2.608592,1962-12-01,1962.958,317.69,317.69,318.61,-1,5562,265.5,Dome C (Monnin et al. 2001) measured at University of Bern,1988,4,1988.292,1690.1,1.06,1691.03,0.54,1715,10,104.4,1715-10-01
58,GCAG,1987,0.3696,59,31.9,542.6268,553.08,-388.5,218.7,2.672903,1963-01-01,1963.042,318.74,318.74,318.91,-1,5657,260.7,Dome C (Monnin et al. 2001) measured at University of Bern,1988,5,1988.375,1689.13,0.98,1691.87,0.58,1715,11,65.4,1715-11-01
59,GISTEMP,1987,0.33,60,32.45,555.8396,566.3,-391.9,218.1,2.822153,1963-02-01,1963.125,319.08,319.08,318.68,-1,5716,266.7,Dome C (Monnin et al. 2001) measured at University of Bern,1988,6,1988.458,1687.19,1.22,1692.73,0.61,1715,12,47.8,1715-12-01
60,GCAG,1986,0.2296,61,33.0,568.3494,579.52,-400.8,216.6,2.805037,1963-03-01,1963.208,319.86,319.86,318.69,-1,5855,265.5,Dome C (Monnin et al. 2001) measured at University of Bern,1988,7,1988.542,1686.01,0.95,1693.61,0.63,1716,1,17.8,1716-01-01
61,GISTEMP,1986,0.19,62,33.55,580.9313,592.3966667,-387.7,218.8,2.790755,1963-04-01,1963.292,321.39,321.39,319.09,-1,5998,263.2,Dome C (Monnin et al. 2001) measured at University of Bern,1988,8,1988.625,1689.43,1.11,1694.53,0.65,1716,2,55.5,1716-02-01
62,GCAG,1985,0.1342,63,34.1,593.5725,605.2733333,-401.4,216.5,2.787745,1963-05-01,1963.375,322.25,322.25,319.39,-1,6039,262.7,Dome C (Monnin et al. 2001) measured at University of Bern,1988,9,1988.708,1696.14,1.2,1695.46,0.66,1716,3,37.7,1716-03-01
63,GISTEMP,1985,0.12,64,34.65,606.2219,618.15,-401.0,216.6,2.813386,1963-06-01,1963.458,321.47,321.47,319.16,-1,6131,261.2,Dome C (Monnin et al. 2001) measured at University of Bern,1988,10,1988.792,1701.2,1.26,1696.42,0.66,1716,4,73.2,1716-04-01
64,GCAG,1984,0.149,65,35.2,619.1082,630.7,-387.3,218.9,2.808731,1963-07-01,1963.542,319.74,319.74,318.77,-1,6263,261.1,Dome C (Monnin et al. 2001) measured at University of Bern,1988,11,1988.875,1702.98,1.34,1697.39,0.66,1716,5,128.7,1716-05-01
65,GISTEMP,1984,0.15,66,35.75,631.65,643.25,-390.2,218.4,2.808108,1963-08-01,1963.625,317.77,317.77,318.83,-1,6354,259.4,Dome C (Monnin et al. 2001) measured at University of Bern,1988,12,1988.958,1702.04,1.14,1698.39,0.65,1716,6,53.4,1716-06-01
66,GCAG,1983,0.3411,67,36.3,644.5452,655.8,-394.5,217.7,2.782628,1963-09-01,1963.708,316.21,316.21,319.06,-1,6434,262.1,Dome C (Monnin et al. 2001) measured at University of Bern,1989,1,1989.042,1700.56,1.0,1699.41,0.64,1716,7,75.3,1716-07-01
67,GISTEMP,1983,0.3,68,36.85,657.9103,669.4466667,-401.9,216.4,2.545311,1963-10-01,1963.792,315.99,315.99,319.0,-1,6545,262.9,Dome C (Monnin et al. 2001) measured at University of Bern,1989,2,1989.125,1701.08,1.17,1700.39,0.63,1716,8,67.0,1716-08-01
68,GCAG,1982,0.1815,69,37.4,672.1189,683.0933333,-399.8,216.8,2.556151,1963-11-01,1963.875,317.12,317.12,319.1,-1,6617,258.1,Dome C (Monnin et al. 2001) measured at University of Bern,1989,3,1989.208,1702.47,1.26,1701.36,0.62,1716,9,193.6,1716-09-01
69,GISTEMP,1982,0.13,70,37.95,686.6481,696.74,-399.9,216.8,2.572144,1963-12-01,1963.958,318.31,318.31,319.25,-1,6713,257.6,Dome C (Monnin et al. 2001) measured at University of Bern,1989,4,1989.292,1703.58,1.03,1702.37,0.6,1716,10,144.4,1716-10-01
70,GCAG,1981,0.2999,71,38.5,700.6882,711.2466667,-399.1,216.9,2.550936,1964-01-01,1964.042,319.57,319.57,319.67,-1,6838,262.3,Dome C (Monnin et al. 2001) measured at University of Bern,1989,5,1989.375,1703.38,0.51,1703.36,0.59,1716,11,122.4,1716-11-01
71,GISTEMP,1981,0.33,72,39.05,715.2436,725.7533333,-401.9,216.4,2.521643,1964-02-01,1964.125,-99.99,320.07,319.61,-1,6941,263.0,Dome C (Monnin et al. 2001) measured at University of Bern,1989,6,1989.458,1700.2,0.95,1704.33,0.57,1716,12,77.4,1716-12-01
72,GCAG,1980,0.2637,73,39.6,729.5808,740.26,-404.8,216.0,2.535807,1964-03-01,1964.208,-99.99,320.73,319.55,-1,7028,260.7,Dome C (Monnin et al. 2001) measured at University of Bern,1989,7,1989.542,1698.2,0.98,1705.28,0.56,1717,1,99.0,1717-01-01
73,GISTEMP,1980,0.27,74,40.15,744.6373,754.86,-401.6,216.5,2.548125,1964-04-01,1964.292,-99.99,321.77,319.48,-1,7112,258.4,Dome C (Monnin et al. 2001) measured at University of Bern,1989,8,1989.625,1702.0,1.02,1706.22,0.55,1717,2,73.3,1717-02-01
74,GCAG,1979,0.2273,75,40.7,759.2383,769.46,-396.7,217.3,2.830327,1964-05-01,1964.375,322.25,322.25,319.42,-1,7234,260.1,Dome C (Monnin et al. 2001) measured at University of Bern,1989,9,1989.708,1707.17,0.94,1707.12,0.55,1717,3,74.3,1717-03-01
75,GISTEMP,1979,0.17,76,41.25,772.3893,784.06,-397.1,217.2,2.841283,1964-06-01,1964.458,321.89,321.89,319.69,-1,7320,260.4,Dome C (Monnin et al. 2001) measured at University of Bern,1989,10,1989.792,1710.52,0.9,1707.98,0.55,1717,4,94.1,1717-04-01
76,GCAG,1978,0.1123,77,41.8,785.8553,797.64,-394.2,217.7,2.84443,1964-07-01,1964.542,320.44,320.44,319.58,-1,7413,259.7,Dome C (Monnin et al. 2001) measured at University of Bern,1989,11,1989.875,1713.14,0.89,1708.81,0.56,1717,5,79.2,1717-05-01
77,GISTEMP,1978,0.07,78,42.35,798.9567,811.22,-395.9,217.4,2.903514,1964-08-01,1964.625,318.7,318.7,319.81,-1,7507,259.2,Dome C (Monnin et al. 2001) measured at University of Bern,1989,12,1989.958,1713.21,0.93,1709.61,0.57,1717,6,74.3,1717-06-01
78,GCAG,1977,0.1978,79,42.9,812.1401,824.8,-392.7,218.0,3.133139,1964-09-01,1964.708,316.7,316.7,319.56,-1,7590,260.8,Dome C (Monnin et al. 2001) measured at University of Bern,1990,1,1990.042,1712.1,1.11,1710.39,0.59,1717,7,65.3,1717-07-01
79,GISTEMP,1977,0.18,80,43.45,824.3588,837.55,-390.4,218.3,3.136153,1964-10-01,1964.792,316.79,316.79,319.78,-1,7691,259.6,Dome C (Monnin et al. 2001) measured at University of Bern,1990,2,1990.125,1713.52,1.2,1711.09,0.61,1717,8,93.1,1717-08-01
80,GCAG,1976,-0.0792,81,44.0,836.5675,850.3,-389.0,218.6,3.139172,1964-11-01,1964.875,317.79,317.79,319.72,-1,7781,259.3,Dome C (Monnin et al. 2001) measured at University of Bern,1990,3,1990.208,1714.39,1.09,1711.77,0.63,1717,9,96.0,1717-09-01
81,GISTEMP,1976,-0.11,82,44.55,848.7663,863.05,-387.0,218.9,3.075957,1964-12-01,1964.958,318.71,318.71,319.59,-1,7876,258.3,Dome C (Monnin et al. 2001) measured at University of Bern,1990,4,1990.292,1712.5,1.09,1712.45,0.65,1717,10,65.3,1717-10-01
82,GCAG,1975,0.0034,83,45.1,861.5453,876.68,-402.3,216.4,2.756111,1965-01-01,1965.042,319.44,319.44,319.48,-1,7990,261.3,Dome C (Monnin et al. 2001) measured at University of Bern,1990,5,1990.375,1710.58,0.98,1713.12,0.66,1717,11,125.7,1717-11-01
83,GISTEMP,1975,-0.02,84,45.65,875.4421,890.31,-392.5,218.0,2.758608,1965-02-01,1965.125,320.44,320.44,319.97,-1,8050,260.7,Dome C (Monnin et al. 2001) measured at University of Bern,1990,6,1990.458,1708.32,0.82,1713.77,0.68,1717,12,90.1,1717-12-01
84,GCAG,1974,-0.0719,85,46.2,889.3285,903.94,-404.6,216.0,2.761102,1965-03-01,1965.208,320.89,320.89,319.65,-1,8181,261.8,Dome C (Monnin et al. 2001) measured at University of Bern,1990,7,1990.542,1706.4,0.78,1714.43,0.69,1718,1,62.5,1718-01-01
85,GISTEMP,1974,-0.07,86,46.75,903.5693,918.55,-390.5,218.3,2.744254,1965-04-01,1965.292,322.13,322.13,319.8,-1,8281,259.0,Dome C (Monnin et al. 2001) measured at University of Bern,1990,8,1990.625,1710.12,1.2,1715.11,0.7,1718,2,75.7,1718-02-01
86,GCAG,1973,0.1641,87,47.3,917.8998,933.16,-402.3,216.4,2.734505,1965-05-01,1965.375,322.16,322.16,319.36,-1,8387,260.9,Dome C (Monnin et al. 2001) measured at University of Bern,1990,9,1990.708,1717.55,1.19,1715.81,0.7,1718,3,71.0,1718-03-01
87,GISTEMP,1973,0.15,88,47.85,932.2836,947.77,-400.1,216.7,2.736998,1965-06-01,1965.458,321.87,321.87,319.65,-1,8477,260.4,Dome C (Monnin et al. 2001) measured at University of Bern,1990,10,1990.792,1722.06,1.01,1716.55,0.7,1718,4,89.0,1718-04-01
88,GCAG,1972,0.0264,89,48.4,947.0249,962.7,-399.4,216.9,2.746718,1965-07-01,1965.542,321.39,321.39,320.51,-1,8579,259.3,Dome C (Monnin et al. 2001) measured at University of Bern,1990,11,1990.875,1723.54,0.96,1717.34,0.7,1718,5,68.2,1718-05-01
89,GISTEMP,1972,0.01,90,48.95,960.9822,977.63,-400.6,216.7,2.793314,1965-08-01,1965.625,318.81,318.81,319.93,-1,8653,262.0,Dome C (Monnin et al. 2001) measured at University of Bern,1990,12,1990.958,1723.3,1.25,1718.2,0.7,1718,6,27.5,1718-06-01
90,GCAG,1971,-0.0783,91,49.5,975.4282,992.56,-393.8,217.8,2.795871,1965-09-01,1965.708,317.81,317.81,320.68,-1,8784,263.7,Dome C (Monnin et al. 2001) measured at University of Bern,1991,1,1991.042,1721.5,1.27,1719.15,0.7,1718,7,60.6,1718-07-01
91,GISTEMP,1971,-0.09,92,50.05,989.8635,1007.383333,-398.5,217.0,2.798396,1965-10-01,1965.792,317.3,317.3,320.36,-1,8869,263.8,Dome C (Monnin et al. 2001) measured at University of Bern,1991,2,1991.125,1721.16,1.22,1720.13,0.7,1718,8,126.9,1718-08-01
92,GCAG,1970,0.0372,93,50.6,1004.288,1022.206667,-398.7,217.0,2.8391,1965-11-01,1965.875,318.87,318.87,320.87,-1,8973,265.2,Dome C (Monnin et al. 2001) measured at University of Bern,1991,3,1991.208,1722.06,0.98,1721.18,0.7,1718,9,34.1,1718-09-01
93,GISTEMP,1970,0.02,94,51.15,1018.508,1037.03,-401.8,216.5,2.861252,1965-12-01,1965.958,319.42,319.42,320.26,-1,9092,260.6,Dome C (Monnin et al. 2001) measured at University of Bern,1991,4,1991.292,1722.48,1.06,1722.34,0.7,1718,10,95.6,1718-10-01
94,GCAG,1969,0.0929,95,51.7,1032.268,1051.463333,-395.2,217.6,2.863657,1966-01-01,1966.042,320.62,320.62,320.63,-1,9140,260.9,Dome C (Monnin et al. 2001) measured at University of Bern,1991,5,1991.375,1722.18,1.11,1723.57,0.7,1718,11,80.5,1718-11-01
95,GISTEMP,1969,0.07,96,52.25,1046.723,1065.896667,-390.1,218.4,2.856795,1966-02-01,1966.125,321.59,321.59,321.1,-1,9232,263.0,Dome C (Monnin et al. 2001) measured at University of Bern,1991,6,1991.458,1718.94,1.11,1724.85,0.7,1718,12,164.8,1718-12-01
96,GCAG,1968,-0.0296,97,52.8,1060.862,1080.33,-393.9,217.8,2.821768,1966-03-01,1966.208,322.39,322.39,321.16,-1,9317,263.8,Dome C (Monnin et al. 2001) measured at University of Bern,1991,7,1991.542,1715.99,0.97,1726.15,0.7,1719,1,71.9,1719-01-01
97,GISTEMP,1968,-0.07,98,53.35,1075.176,1095.11,-400.6,216.7,2.824023,1966-04-01,1966.292,323.87,323.87,321.51,-1,9536,264.4,Dome C (Monnin et al. 2001) measured at University of Bern,1991,8,1991.625,1719.21,1.08,1727.49,0.7,1719,2,118.9,1719-02-01
98,GCAG,1967,-0.0131,99,53.9,1089.481,1109.89,-400.9,216.6,2.826217,1966-05-01,1966.375,324.01,324.01,321.18,-1,9597,264.2,Dome C (Monnin et al. 2001) measured at University of Bern,1991,9,1991.708,1726.17,1.6,1728.77,0.7,1719,3,54.6,1719-03-01
99,GISTEMP,1967,-0.02,100,54.45,1104.135,1124.67,-391.7,218.1,2.938972,1966-06-01,1966.458,323.75,323.75,321.52,-1,9721,264.0,Dome C (Monnin et al. 2001) measured at University of Bern,1991,10,1991.792,1732.74,0.99,1730.01,0.69,1719,4,70.9,1719-04-01
100,GCAG,1966,-0.0227,101,55.0,1118.228,1139.59,-399.3,216.9,2.977765,1966-07-01,1966.542,322.39,322.39,321.49,-1,9807,263.4,Dome C (Monnin et al. 2001) measured at University of Bern,1991,11,1991.875,1737.39,1.04,1731.17,0.68,1719,5,67.1,1719-05-01
101,GISTEMP,1966,-0.05,102,55.55,1132.48,1154.51,-386.7,219.0,2.979947,1966-08-01,1966.625,320.37,320.37,321.5,-1,9909,265.7,Dome C (Monnin et al. 2001) measured at University of Bern,1991,12,1991.958,1739.51,1.14,1732.22,0.67,1719,6,45.1,1719-06-01
102,GCAG,1965,-0.078,103,56.1,1146.385,1169.43,-401.5,216.5,2.997708,1966-09-01,1966.708,318.64,318.64,321.54,-1,9983,264.9,Dome C (Monnin et al. 2001) measured at University of Bern,1992,1,1992.042,1738.91,1.11,1733.17,0.65,1719,7,68.1,1719-07-01
103,GISTEMP,1965,-0.1,104,56.65,1160.21,1183.663333,-398.1,217.1,3.046928,1966-10-01,1966.792,318.1,318.1,321.18,-1,10088,267.5,Dome C (Monnin et al. 2001) measured at University of Bern,1992,2,1992.125,1737.42,1.07,1733.93,0.63,1719,8,70.0,1719-08-01
104,GCAG,1964,-0.1495,105,57.2,1173.811,1197.896667,-390.4,218.3,3.048791,1966-11-01,1966.875,319.79,319.79,321.84,-1,10209,266.9,Dome C (Monnin et al. 2001) measured at University of Bern,1992,3,1992.208,1736.93,0.84,1734.54,0.61,1719,9,56.6,1719-09-01
105,GISTEMP,1964,-0.2,106,57.75,1187.738,1212.13,-389.8,218.4,3.050581,1966-12-01,1966.958,321.08,321.08,321.95,-1,10294,266.0,Dome C (Monnin et al. 2001) measured at University of Bern,1992,4,1992.292,1736.63,0.59,1735.02,0.59,1719,10,95.9,1719-10-01
106,GCAG,1963,0.1068,107,58.3,1201.327,1226.456667,-390.7,218.3,3.012204,1967-01-01,1967.042,322.07,322.07,322.07,-1,10417,265.1,Dome C (Monnin et al. 2001) measured at University of Bern,1992,5,1992.375,1734.95,0.82,1735.35,0.58,1719,11,139.0,1719-11-01
107,GISTEMP,1963,0.06,108,58.85,1215.092,1240.783333,-399.3,216.9,2.995794,1967-02-01,1967.125,322.5,322.5,321.94,-1,10527,267.6,Dome C (Monnin et al. 2001) measured at University of Bern,1992,6,1992.458,1731.54,1.05,1735.55,0.56,1719,12,100.7,1719-12-01
108,GCAG,1962,0.0888,109,59.4,1229.273,1255.11,-392.5,218.0,2.997182,1967-03-01,1967.208,323.04,323.04,321.72,-1,10621,264.8,Dome C (Monnin et al. 2001) measured at University of Bern,1992,7,1992.542,1728.79,1.04,1735.63,0.55,1720,1,144.0,1720-01-01
109,GISTEMP,1962,0.03,110,59.95,1243.449,1270.176667,-393.8,217.8,2.979469,1967-04-01,1967.292,324.42,324.42,322.05,-1,10744,264.8,Dome C (Monnin et al. 2001) measured at University of Bern,1992,8,1992.625,1730.32,0.83,1735.61,0.54,1720,2,85.4,1720-02-01
110,GCAG,1961,0.0775,111,60.5,1258.053,1285.243333,-394.4,217.7,2.920587,1967-05-01,1967.375,325.0,325.0,322.27,-1,10805,265.0,Dome C (Monnin et al. 2001) measured at University of Bern,1992,9,1992.708,1734.58,0.64,1735.53,0.53,1720,3,103.7,1720-03-01
111,GISTEMP,1961,0.05,112,61.05,1272.603,1300.31,-397.0,217.3,2.921544,1967-06-01,1967.458,324.09,324.09,321.94,-1,10827,265.3,Dome C (Monnin et al. 2001) measured at University of Bern,1992,10,1992.792,1737.66,0.88,1735.42,0.52,1720,4,63.5,1720-04-01
112,GCAG,1960,0.0204,113,61.6,1287.152,1315.393333,-397.8,217.1,2.922352,1967-07-01,1967.542,322.55,322.55,321.66,-1,10895,264.4,Dome C (Monnin et al. 2001) measured at University of Bern,1992,11,1992.875,1739.25,1.16,1735.29,0.51,1720,5,87.9,1720-05-01
113,GISTEMP,1960,-0.02,114,62.15,1302.045,1330.476667,-388.6,218.6,3.087595,1967-08-01,1967.625,320.92,320.92,322.04,-1,10933,264.1,Dome C (Monnin et al. 2001) measured at University of Bern,1992,12,1992.958,1738.55,1.03,1735.19,0.51,1720,6,72.0,1720-06-01
114,GCAG,1959,0.0596,115,62.7,1315.817,1345.56,-394.7,217.6,3.108113,1967-09-01,1967.708,319.31,319.31,322.19,-1,11014,264.2,Dome C (Monnin et al. 2001) measured at University of Bern,1993,1,1993.042,1735.78,0.99,1735.12,0.49,1720,7,101.3,1720-07-01
115,GISTEMP,1959,0.03,116,63.25,1330.151,1360.473333,-390.6,218.3,3.10837,1967-10-01,1967.792,319.31,319.31,322.36,-1,11087,264.5,Dome C (Monnin et al. 2001) measured at University of Bern,1993,2,1993.125,1734.45,1.02,1735.11,0.48,1720,8,118.4,1720-08-01
116,GCAG,1958,0.1095,117,63.8,1344.162,1375.386667,-397.0,217.3,3.111592,1967-11-01,1967.875,320.72,320.72,322.78,-1,11136,264.0,Dome C (Monnin et al. 2001) measured at University of Bern,1993,3,1993.208,1735.51,0.93,1735.17,0.47,1720,9,91.5,1720-09-01
117,GISTEMP,1958,0.07,118,64.35,1357.836,1390.3,-386.6,219.0,3.114634,1967-12-01,1967.958,321.96,321.96,322.86,-1,11201,263.0,Dome C (Monnin et al. 2001) measured at University of Bern,1993,4,1993.292,1736.66,0.8,1735.31,0.47,1720,10,119.6,1720-10-01
118,GCAG,1957,0.0488,119,64.9,1371.821,1404.833333,-390.6,218.3,3.114276,1968-01-01,1968.042,322.57,322.57,322.55,-1,11236,265.2,Dome C (Monnin et al. 2001) measured at University of Bern,1993,5,1993.375,1734.99,0.76,1735.53,0.47,1720,11,109.8,1720-11-01
119,GISTEMP,1957,0.04,120,65.45,1385.811,1419.366667,-397.0,217.3,3.113704,1968-02-01,1968.125,323.15,323.15,322.56,-1,11278,258.8,Dome C (Monnin et al. 2001) measured at University of Bern,1993,6,1993.458,1730.86,0.85,1735.82,0.48,1720,12,123.3,1720-12-01
120,GCAG,1956,-0.199,121,66.0,1399.806,1433.9,-396.1,217.4,2.820622,1968-03-01,1968.208,323.89,323.89,322.59,-1,11338,260.8,Dome C (Monnin et al. 2001) measured at University of Bern,1993,7,1993.542,1728.06,1.02,1736.18,0.49,1721,1,97.8,1721-01-01
121,GISTEMP,1956,-0.2,122,66.55,1415.617,1450.18,-398.9,216.9,2.803153,1968-04-01,1968.292,325.02,325.02,322.73,-1,11392,255.4,Dome C (Monnin et al. 2001) measured at University of Bern,1993,8,1993.625,1731.24,0.94,1736.61,0.51,1721,2,59.1,1721-02-01
122,GCAG,1955,-0.1354,123,67.1,1431.53,1466.46,-400.2,216.7,2.80226,1968-05-01,1968.375,325.57,325.57,322.87,-1,11436,253.9,Dome C (Monnin et al. 2001) measured at University of Bern,1993,9,1993.708,1738.49,0.97,1737.09,0.54,1721,3,72.8,1721-03-01
123,GISTEMP,1955,-0.15,124,67.65,1447.451,1482.74,-398.7,217.0,2.871246,1968-06-01,1968.458,325.36,325.36,323.2,-1,11469,253.8,Dome C (Monnin et al. 2001) measured at University of Bern,1993,10,1993.792,1743.4,1.17,1737.6,0.57,1721,4,131.9,1721-04-01
124,GCAG,1954,-0.1165,125,68.2,1462.64,1498.793333,-389.7,218.5,2.882421,1968-07-01,1968.542,324.14,324.14,323.25,-1,11580,250.7,Dome C (Monnin et al. 2001) measured at University of Bern,1993,11,1993.875,1745.26,0.88,1738.15,0.59,1721,5,72.8,1721-05-01
125,GISTEMP,1954,-0.13,126,68.75,1478.122,1514.846667,-401.6,216.5,2.880757,1968-08-01,1968.625,322.03,322.03,323.15,-1,11635,249.7,Dome C (Monnin et al. 2001) measured at University of Bern,1993,12,1993.958,1744.29,1.01,1738.71,0.61,1721,6,106.9,1721-06-01
126,GCAG,1953,0.0952,127,69.3,1493.617,1530.9,-397.9,217.1,2.865307,1968-09-01,1968.708,320.41,320.41,323.31,-1,11676,251.1,Dome C (Monnin et al. 2001) measured at University of Bern,1994,1,1994.042,1741.41,0.94,1739.3,0.62,1721,7,102.3,1721-07-01
127,GISTEMP,1953,0.08,128,69.85,1509.198,1546.89,-399.2,216.9,2.855912,1968-10-01,1968.792,320.25,320.25,323.32,-1,11727,250.7,Dome C (Monnin et al. 2001) measured at University of Bern,1994,2,1994.125,1740.9,1.11,1739.87,0.63,1721,8,125.1,1721-08-01
128,GCAG,1952,0.0248,129,70.4,1524.834,1562.88,-397.6,217.2,2.853573,1968-11-01,1968.875,321.31,321.31,323.32,-1,11819,245.3,Dome C (Monnin et al. 2001) measured at University of Bern,1994,3,1994.208,1741.94,1.01,1740.44,0.62,1721,9,60.3,1721-09-01
129,GISTEMP,1952,0.01,130,70.95,1540.486,1578.87,-390.5,218.3,2.870685,1968-12-01,1968.958,322.84,322.84,323.69,-1,11896,245.3,Dome C (Monnin et al. 2001) measured at University of Bern,1994,4,1994.292,1741.93,0.77,1741.04,0.62,1721,10,97.8,1721-10-01
130,GCAG,1951,-0.0132,131,71.5,1556.402,1595.08,-401.5,216.5,2.884297,1969-01-01,1969.042,324.0,324.0,323.98,-1,11958,246.6,Dome C (Monnin et al. 2001) measured at University of Bern,1994,5,1994.375,1740.65,1.06,1741.65,0.6,1721,11,158.1,1721-11-01
131,GISTEMP,1951,-0.07,132,72.05,1571.892,1611.29,-395.7,217.5,2.881112,1969-02-01,1969.125,324.42,324.42,323.89,-1,12050,243.2,Dome C (Monnin et al. 2001) measured at University of Bern,1994,6,1994.458,1736.9,1.21,1742.26,0.59,1721,12,52.3,1721-12-01
132,GCAG,1950,-0.1616,133,72.6,1587.755,1627.5,-394.5,217.7,2.826122,1969-03-01,1969.208,325.64,325.64,324.41,-1,12122,240.3,Dome C (Monnin et al. 2001) measured at University of Bern,1994,7,1994.542,1732.42,1.14,1742.88,0.57,1722,1,71.4,1722-01-01
133,GISTEMP,1950,-0.18,134,73.15,1603.929,1644.266667,-402.9,216.3,2.752708,1969-04-01,1969.292,326.66,326.66,324.35,-1,12371,237.5,Dome C (Monnin et al. 2001) measured at University of Bern,1994,8,1994.625,1734.11,1.12,1743.51,0.55,1722,2,45.4,1722-02-01
134,GCAG,1949,-0.0568,135,73.7,1620.539,1661.033333,-401.0,216.6,2.748981,1969-05-01,1969.375,327.34,327.34,324.57,-1,12496,237.6,Dome C (Monnin et al. 2001) measured at University of Bern,1994,9,1994.708,1742.93,0.83,1744.13,0.53,1722,3,100.9,1722-03-01
135,GISTEMP,1949,-0.09,136,74.25,1637.175,1677.8,-391.5,218.2,2.796988,1969-06-01,1969.458,326.76,326.76,324.63,-1,12642,234.2,Dome C (Monnin et al. 2001) measured at University of Bern,1994,10,1994.792,1749.83,0.78,1744.75,0.52,1722,4,47.6,1722-04-01
136,GCAG,1948,-0.0487,137,74.8,1653.893,1694.506667,-403.4,216.2,2.858533,1969-07-01,1969.542,325.88,325.88,325.08,-1,12760,238.3,Dome C (Monnin et al. 2001) measured at University of Bern,1994,11,1994.875,1751.29,0.89,1745.36,0.52,1722,5,181.4,1722-05-01
137,GISTEMP,1948,-0.09,138,75.35,1669.896,1711.213333,-393.4,217.8,2.853567,1969-08-01,1969.625,323.67,323.67,324.8,-1,12942,237.3,Dome C (Monnin et al. 2001) measured at University of Bern,1994,12,1994.958,1751.58,0.89,1745.95,0.51,1722,6,87.3,1722-06-01
138,GCAG,1947,-0.0477,139,75.9,1685.574,1727.92,-393.8,217.8,2.813092,1969-09-01,1969.708,322.38,322.38,325.28,-1,13090,237.9,Dome C (Monnin et al. 2001) measured at University of Bern,1995,1,1995.042,1751.11,0.93,1746.53,0.51,1722,7,145.1,1722-07-01
139,GISTEMP,1947,-0.05,140,76.45,1701.843,1744.806667,-400.8,216.6,2.740314,1969-10-01,1969.792,321.78,321.78,324.84,-1,13241,237.6,Dome C (Monnin et al. 2001) measured at University of Bern,1995,2,1995.125,1749.52,1.0,1747.04,0.51,1722,8,79.4,1722-08-01
140,GCAG,1946,-0.004,141,77.0,1719.291,1761.693333,-399.3,216.9,2.734628,1969-11-01,1969.875,322.85,322.85,324.78,-1,13440,236.4,Dome C (Monnin et al. 2001) measured at University of Bern,1995,3,1995.208,1748.99,0.69,1747.52,0.51,1722,9,46.5,1722-09-01
141,GISTEMP,1946,-0.04,142,77.55,1736.397,1778.58,-396.6,217.3,2.776,1969-12-01,1969.958,324.11,324.11,324.88,-1,13542,239.2,Dome C (Monnin et al. 2001) measured at University of Bern,1995,4,1995.292,1749.42,0.82,1747.97,0.51,1722,10,65.8,1722-10-01
142,GCAG,1945,0.171,143,78.1,1753.243,1795.473333,-395.3,217.5,2.835,1970-01-01,1970.042,325.03,325.03,325.04,-1,13653,238.6,Dome C (Monnin et al. 2001) measured at University of Bern,1995,5,1995.375,1747.66,1.06,1748.37,0.5,1722,11,114.5,1722-11-01
143,GISTEMP,1945,0.12,144,78.65,1769.379,1812.366667,-392.6,218.0,2.835,1970-02-01,1970.125,325.99,325.99,325.42,-1,13804,238.6,Dome C (Monnin et al. 2001) measured at University of Bern,1995,6,1995.458,1742.82,0.94,1748.72,0.49,1722,12,148.5,1722-12-01
144,GCAG,1944,0.2928,145,79.2,1785.877,1829.26,-404.4,216.0,2.775,1970-03-01,1970.208,326.87,326.87,325.69,-1,13948,239.1,Dome C (Monnin et al. 2001) measured at University of Bern,1995,7,1995.542,1740.16,0.8,1749.02,0.48,1723,1,91.5,1723-01-01
145,GISTEMP,1944,0.25,146,79.75,1802.735,1846.63,-394.4,217.7,2.689,1970-04-01,1970.292,328.13,328.13,325.86,-1,14303,228.5,Dome C (Monnin et al. 2001) measured at University of Bern,1995,8,1995.625,1743.6,1.04,1749.28,0.47,1723,2,137.3,1723-02-01
146,GCAG,1943,0.157,147,80.3,1820.513,1864.0,-402.2,216.4,2.689,1970-05-01,1970.375,328.07,328.07,325.27,-1,14550,228.4,Dome C (Monnin et al. 2001) measured at University of Bern,1995,9,1995.708,1749.76,1.12,1749.49,0.46,1723,3,70.0,1723-03-01
147,GISTEMP,1943,0.13,148,80.85,1837.917,1881.37,-401.9,216.4,2.755,1970-06-01,1970.458,327.66,327.66,325.52,-1,14725,226.1,Dome C (Monnin et al. 2001) measured at University of Bern,1995,10,1995.792,1754.34,0.8,1749.68,0.47,1723,4,67.4,1723-04-01
148,GCAG,1942,0.1538,149,81.4,1854.906,1897.823333,-393.8,217.8,2.816,1970-07-01,1970.542,326.35,326.35,325.51,-1,14890,225.2,Dome C (Monnin et al. 2001) measured at University of Bern,1995,11,1995.875,1755.53,0.94,1749.85,0.48,1723,5,18.1,1723-05-01
149,GISTEMP,1942,0.09,150,81.95,1871.526,1914.276667,-402.3,216.4,2.816,1970-08-01,1970.625,324.69,324.69,325.76,-1,15012,224.5,Dome C (Monnin et al. 2001) measured at University of Bern,1995,12,1995.958,1753.84,0.96,1750.0,0.51,1723,6,36.3,1723-06-01
150,GCAG,1941,0.196,151,82.5,1888.512,1930.73,-385.1,219.2,2.88,1970-09-01,1970.708,323.1,323.1,325.93,-1,15233,222.0,Dome C (Monnin et al. 2001) measured at University of Bern,1996,1,1996.042,1752.2,1.06,1750.16,0.54,1723,7,89.8,1723-07-01
151,GISTEMP,1941,0.12,152,83.05,1905.122,1947.4,-395.9,217.4,2.933,1970-10-01,1970.792,323.16,323.16,326.15,-1,15438,221.0,Dome C (Monnin et al. 2001) measured at University of Bern,1996,2,1996.125,1752.75,1.03,1750.31,0.58,1723,8,47.5,1723-08-01
152,GCAG,1940,0.0947,153,83.6,1921.089,1964.07,-395.8,217.4,2.933,1970-11-01,1970.875,323.98,323.98,325.96,-1,15570,220.9,Dome C (Monnin et al. 2001) measured at University of Bern,1996,3,1996.208,1752.23,0.9,1750.47,0.62,1723,9,43.2,1723-09-01
153,GISTEMP,1940,0.08,154,84.15,1936.711,1980.74,-398.2,217.0,2.871,1970-12-01,1970.958,325.13,325.13,326.06,-1,15742,219.4,Dome C (Monnin et al. 2001) measured at University of Bern,1996,4,1996.292,1749.58,0.99,1750.65,0.65,1723,10,63.9,1723-10-01
154,GCAG,1939,-0.0139,155,84.7,1953.737,1997.776667,-394.8,217.6,2.8,1971-01-01,1971.042,326.17,326.17,326.25,-1,15886,214.0,Dome C (Monnin et al. 2001) measured at University of Bern,1996,5,1996.375,1748.3,1.06,1750.85,0.69,1723,11,96.7,1723-11-01
155,GISTEMP,1939,-0.03,156,85.25,1970.831,2014.813333,-397.7,217.1,2.8,1971-02-01,1971.125,326.68,326.68,326.1,-1,16073,207.5,Dome C (Monnin et al. 2001) measured at University of Bern,1996,6,1996.458,1746.02,1.05,1751.05,0.71,1723,12,101.9,1723-12-01
156,GCAG,1938,-0.0288,157,85.8,1987.929,2031.85,-400.3,216.7,2.74,1971-03-01,1971.208,327.18,327.18,325.94,-1,16260,207.7,Dome C (Monnin et al. 2001) measured at University of Bern,1996,7,1996.542,1742.04,1.07,1751.27,0.73,1724,1,134.6,1724-01-01
157,GISTEMP,1938,-0.03,158,86.35,2005.404,2049.556667,-402.4,216.4,2.692,1971-04-01,1971.292,327.78,327.78,325.47,-1,16452,202.9,Dome C (Monnin et al. 2001) measured at University of Bern,1996,8,1996.625,1744.27,1.31,1751.5,0.73,1724,2,85.6,1724-02-01
158,GCAG,1937,-0.0157,159,86.9,2023.194,2067.263333,-396.0,217.4,2.692,1971-05-01,1971.375,328.92,328.92,326.11,-1,16659,200.8,Dome C (Monnin et al. 2001) measured at University of Bern,1996,9,1996.708,1752.57,1.3,1751.73,0.73,1724,3,91.8,1724-03-01
159,GISTEMP,1937,-0.03,160,87.45,2041.366,2084.97,-401.4,216.5,2.821,1971-06-01,1971.458,328.57,328.57,326.4,-1,16870,195.2,Dome C (Monnin et al. 2001) measured at University of Bern,1996,10,1996.792,1758.86,0.96,1751.96,0.71,1724,4,69.7,1724-04-01
160,GCAG,1936,-0.1134,161,88.0,2058.349,2102.193333,-386.1,219.1,2.869,1971-07-01,1971.542,327.34,327.34,326.45,-1,17111,193.9,Dome C (Monnin et al. 2001) measured at University of Bern,1996,11,1996.875,1760.06,0.96,1752.19,0.68,1724,5,62.4,1724-05-01
161,GISTEMP,1936,-0.15,162,88.55,2075.403,2119.416667,-400.1,216.7,2.869,1971-08-01,1971.625,325.46,325.46,326.49,-1,17375,191.0,Dome C (Monnin et al. 2001) measured at University of Bern,1996,12,1996.958,1756.88,0.89,1752.42,0.65,1724,6,63.6,1724-06-01
162,GCAG,1935,-0.1392,163,89.1,2092.459,2136.64,-400.3,216.7,2.799,1971-09-01,1971.708,323.36,323.36,326.19,-1,17565,188.5,Dome C (Monnin et al. 2001) measured at University of Bern,1997,1,1997.042,1753.31,0.91,1752.66,0.61,1724,7,105.2,1724-07-01
163,GISTEMP,1935,-0.2,164,89.65,2109.946,2153.993333,-393.2,217.9,2.783,1971-10-01,1971.792,323.57,323.57,326.58,-1,17809,188.5,Dome C (Monnin et al. 2001) measured at University of Bern,1997,2,1997.125,1753.83,1.16,1752.89,0.57,1724,8,179.9,1724-08-01
164,GCAG,1934,-0.1015,165,90.2,2127.17,2171.346667,-399.7,216.8,2.783,1971-11-01,1971.875,324.8,324.8,326.82,-1,17943,189.2,Dome C (Monnin et al. 2001) measured at University of Bern,1997,3,1997.208,1755.64,0.86,1753.15,0.53,1724,9,111.3,1724-09-01
165,GISTEMP,1934,-0.14,166,90.75,2144.764,2188.7,-397.9,217.1,2.696,1971-12-01,1971.958,326.01,326.01,327.02,-1,18285,187.0,Dome C (Monnin et al. 2001) measured at University of Bern,1997,4,1997.292,1755.49,0.96,1753.44,0.48,1724,10,51.4,1724-10-01
166,GCAG,1933,-0.2439,167,91.3,2162.928,2206.983333,-402.0,216.4,2.691,1972-01-01,1972.042,326.77,326.77,326.85,-1,18541,188.6,Dome C (Monnin et al. 2001) measured at University of Bern,1997,5,1997.375,1753.83,0.77,1753.78,0.44,1724,11,68.5,1724-11-01
167,GISTEMP,1933,-0.29,168,91.85,2181.506,2225.266667,-398.7,217.0,2.729,1972-02-01,1972.125,327.63,327.63,327.04,-1,18828,189.4,Dome C (Monnin et al. 2001) measured at University of Bern,1997,6,1997.458,1750.12,0.96,1754.18,0.41,1724,12,199.4,1724-12-01
168,GCAG,1932,-0.1168,169,92.4,2199.454,2243.55,-398.6,217.0,2.887,1972-03-01,1972.208,327.75,327.75,326.53,-1,18868,192.3,Dome C (Monnin et al. 2001) measured at University of Bern,1997,7,1997.542,1746.09,0.95,1754.65,0.39,1725,1,111.6,1725-01-01
169,GISTEMP,1932,-0.17,170,92.95,2216.423,2260.54,,217.6,2.887,1972-04-01,1972.292,329.72,329.72,327.42,-1,18921,188.3,Dome C (Monnin et al. 2001) measured at University of Bern,1997,8,1997.625,1747.75,0.95,1755.21,0.39,1725,2,50.4,1725-02-01
170,GCAG,1931,-0.0686,171,93.5,2233.749,2277.53,-390.6,218.3,2.888,1972-05-01,1972.375,330.07,330.07,327.23,-1,19347,188.7,Dome C (Monnin et al. 2001) measured at University of Bern,1997,9,1997.708,1754.88,0.99,1755.86,0.39,1725,3,46.8,1725-03-01
171,GISTEMP,1931,-0.09,172,94.05,2250.719,2294.52,-394.0,217.7,2.891,1972-06-01,1972.458,329.09,329.09,326.92,-1,19509,188.8,Dome C (Monnin et al. 2001) measured at University of Bern,1997,10,1997.792,1760.22,0.77,1756.6,0.41,1725,4,108.0,1725-04-01
172,GCAG,1930,-0.1003,173,94.6,2268.024,2311.996667,-397.9,217.1,2.891,1972-07-01,1972.542,328.05,328.05,327.2,-1,19748,190.0,Dome C (Monnin et al. 2001) measured at University of Bern,1997,11,1997.875,1761.71,0.96,1757.45,0.43,1725,5,88.8,1725-05-01
173,GISTEMP,1930,-0.15,174,95.15,2285.687,2329.473333,-394.8,217.6,2.71,1972-08-01,1972.625,326.32,326.32,327.37,-1,19988,188.0,Dome C (Monnin et al. 2001) measured at University of Bern,1997,12,1997.958,1761.87,0.76,1758.38,0.45,1725,6,129.6,1725-06-01
174,GCAG,1929,-0.2985,175,95.7,2304.155,2346.95,-408.2,215.4,2.503,1972-09-01,1972.708,324.93,324.93,327.76,-1,20168,188.2,Dome C (Monnin et al. 2001) measured at University of Bern,1998,1,1998.042,1761.43,0.75,1759.42,0.48,1725,7,103.2,1725-07-01
175,GISTEMP,1929,-0.36,176,96.25,2324.155,2366.986667,-404.3,216.0,2.503,1972-10-01,1972.792,325.06,325.06,328.06,-1,20197,195.0,Dome C (Monnin et al. 2001) measured at University of Bern,1998,2,1998.125,1761.46,1.14,1760.48,0.5,1725,8,135.6,1725-08-01
176,GCAG,1928,-0.1774,177,96.8,2344.158,2387.023333,-399.6,216.8,2.634,1972-11-01,1972.875,326.5,326.5,328.5,-1,20502,187.8,Dome C (Monnin et al. 2001) measured at University of Bern,1998,3,1998.208,1762.94,1.31,1761.59,0.52,1725,9,118.8,1725-09-01
177,GISTEMP,1928,-0.21,178,97.35,2363.171,2407.06,-400.8,216.6,2.649,1972-12-01,1972.958,327.55,327.55,328.55,-1,20748,186.9,Dome C (Monnin et al. 2001) measured at University of Bern,1998,4,1998.292,1764.7,0.93,1762.77,0.55,1725,10,90.0,1725-10-01
178,GCAG,1927,-0.1546,179,97.9,2381.69,2426.05,-401.5,216.5,2.623,1973-01-01,1973.042,328.54,328.54,328.58,-1,21011,186.5,Dome C (Monnin et al. 2001) measured at University of Bern,1998,5,1998.375,1764.25,0.86,1763.96,0.57,1725,11,108.0,1725-11-01
179,GISTEMP,1927,-0.21,180,98.45,2400.787,2445.04,-407.7,215.5,2.552,1973-02-01,1973.125,329.56,329.56,328.86,-1,21257,184.7,Dome C (Monnin et al. 2001) measured at University of Bern,1998,6,1998.458,1760.32,0.79,1765.13,0.59,1725,12,109.2,1725-12-01
180,GCAG,1926,-0.0667,181,99.0,2420.419,2464.03,-400.5,216.7,2.552,1973-03-01,1973.208,330.3,330.3,328.99,-1,21507,186.1,Dome C (Monnin et al. 2001) measured at University of Bern,1998,7,1998.542,1756.15,1.18,1766.26,0.62,1726,1,119.1,1726-01-01
181,GISTEMP,1926,-0.1,182,99.55,2440.054,2482.973333,-395.8,217.4,2.677,1973-04-01,1973.292,331.5,331.5,329.14,-1,21854,185.7,Dome C (Monnin et al. 2001) measured at University of Bern,1998,8,1998.625,1760.2,1.07,1767.35,0.64,1726,2,83.8,1726-02-01
182,GCAG,1925,-0.1481,183,100.1,2459.158,2501.916667,-399.7,216.8,2.734,1973-05-01,1973.375,332.48,332.48,329.62,-1,22015,184.4,Dome C (Monnin et al. 2001) measured at University of Bern,1998,9,1998.708,1770.65,1.27,1768.34,0.66,1726,3,49.6,1726-03-01
183,GISTEMP,1925,-0.21,184,100.65,2477.49,2520.86,-399.6,216.8,2.737,1973-06-01,1973.458,332.07,332.07,329.94,-1,22827,189.2,Vostok (Petit et al. 1999; Pepin et al. 2001; Raynaud et al. 2005) measured at LGGE in Grenoble,1998,10,1998.792,1776.23,1.2,1769.24,0.68,1726,4,61.7,1726-04-01
184,GCAG,1924,-0.2486,185,101.2,2496.178,2538.836667,-394.8,217.6,2.91,1973-07-01,1973.542,330.87,330.87,330.05,-1,25994,191.6,Vostok (Petit et al. 1999; Pepin et al. 2001; Raynaud et al. 2005) measured at LGGE in Grenoble,1998,11,1998.875,1775.5,0.87,1770.04,0.7,1726,5,73.9,1726-05-01
185,GISTEMP,1924,-0.28,186,101.75,2513.759,2556.813333,-398.5,217.0,2.91,1973-08-01,1973.625,329.31,329.31,330.42,-1,29063,188.5,Vostok (Petit et al. 1999; Pepin et al. 2001; Raynaud et al. 2005) measured at LGGE in Grenoble,1998,12,1998.958,1774.03,0.82,1770.73,0.71,1726,6,101.4,1726-06-01
186,GCAG,1923,-0.2156,187,102.3,2530.991,2574.79,-390.2,218.4,2.904,1973-09-01,1973.708,327.51,327.51,330.45,-1,30020,191.7,Vostok (Petit et al. 1999; Pepin et al. 2001; Raynaud et al. 2005) measured at LGGE in Grenoble,1999,1,1999.042,1773.81,0.97,1771.32,0.71,1726,7,88.2,1726-07-01
187,GISTEMP,1923,-0.24,188,102.85,2548.615,2592.536667,-396.4,217.3,2.869,1973-10-01,1973.792,327.18,327.18,330.23,-1,35009,205.3,Vostok (Petit et al. 1999; Pepin et al. 2001; Raynaud et al. 2005) measured at LGGE in Grenoble,1999,2,1999.125,1773.94,1.44,1771.78,0.71,1726,8,76.1,1726-08-01
188,GCAG,1922,-0.2304,189,103.4,2566.453,2610.283333,-392.7,218.0,2.869,1973-11-01,1973.875,328.16,328.16,330.16,-1,37471,209.1,Vostok (Petit et al. 1999; Pepin et al. 2001; Raynaud et al. 2005) measured at LGGE in Grenoble,1999,3,1999.208,1774.6,1.12,1772.16,0.71,1726,9,153.2,1726-09-01
189,GISTEMP,1922,-0.28,190,103.95,2584.294,2628.03,-400.4,216.7,2.902,1973-12-01,1973.958,328.64,328.64,329.66,-1,43500,209.1,Vostok (Petit et al. 1999; Pepin et al. 2001; Raynaud et al. 2005) measured at LGGE in Grenoble,1999,4,1999.292,1774.98,0.82,1772.46,0.71,1726,10,92.6,1726-10-01
190,GCAG,1921,-0.1485,191,104.5,2601.936,2645.516667,-393.5,217.8,2.963,1974-01-01,1974.042,329.35,329.35,329.45,-1,47336,189.3,Vostok (Petit et al. 1999; Pepin et al. 2001; Raynaud et al. 2005) measured at LGGE in Grenoble,1999,5,1999.375,1772.69,0.94,1772.7,0.7,1726,11,103.6,1726-11-01
191,GISTEMP,1921,-0.21,192,105.05,2619.218,2663.003333,-390.6,218.3,2.963,1974-02-01,1974.125,330.71,330.71,330.12,-1,48854,188.4,Vostok (Petit et al. 1999; Pepin et al. 2001; Raynaud et al. 2005) measured at LGGE in Grenoble,1999,6,1999.458,1767.34,0.92,1772.88,0.69,1726,12,99.2,1726-12-01
192,GCAG,1920,-0.2105,193,105.6,2636.503,2680.49,-395.2,217.5,2.877,1974-03-01,1974.208,331.48,331.48,330.2,-1,49690,210.1,Vostok (Petit et al. 1999; Pepin et al. 2001; Raynaud et al. 2005) measured at LGGE in Grenoble,1999,7,1999.542,1762.96,0.9,1773.01,0.69,1727,1,98.0,1727-01-01
193,GISTEMP,1920,-0.27,194,106.15,2654.309,2698.623333,-396.9,217.3,2.788,1974-04-01,1974.292,332.65,332.65,330.26,-1,50663,215.7,Vostok (Petit et al. 1999; Pepin et al. 2001; Raynaud et al. 2005) measured at LGGE in Grenoble,1999,8,1999.625,1764.66,1.03,1773.11,0.69,1727,2,105.0,1727-02-01
194,GCAG,1919,-0.2055,195,106.7,2673.049,2716.756667,-399.1,216.9,2.788,1974-05-01,1974.375,333.2,333.2,330.27,14,52382,190.4,Vostok (Petit et al. 1999; Pepin et al. 2001; Raynaud et al. 2005) measured at LGGE in Grenoble,1999,9,1999.708,1771.01,0.95,1773.19,0.7,1727,3,53.6,1727-03-01
195,GISTEMP,1919,-0.22,196,107.25,2691.426,2734.89,-396.9,217.3,2.87,1974-06-01,1974.458,332.16,332.16,329.94,26,57088,221.7,Vostok (Petit et al. 1999; Pepin et al. 2001; Raynaud et al. 2005) measured at LGGE in Grenoble,1999,10,1999.792,1776.62,0.94,1773.24,0.71,1727,4,105.0,1727-04-01
196,GCAG,1918,-0.2084,197,107.8,2709.281,2752.643333,-401.0,216.6,2.896,1974-07-01,1974.542,331.07,331.07,330.23,24,57657,210.4,Vostok (Petit et al. 1999; Pepin et al. 2001; Raynaud et al. 2005) measured at LGGE in Grenoble,1999,11,1999.875,1778.59,0.86,1773.28,0.73,1727,5,116.6,1727-05-01
197,GISTEMP,1918,-0.26,198,108.35,2727.333,2770.396667,-387.9,218.7,2.896,1974-08-01,1974.625,329.12,329.12,330.26,27,62859,195.3,Vostok (Petit et al. 1999; Pepin et al. 2001; Raynaud et al. 2005) measured at LGGE in Grenoble,1999,12,1999.958,1777.23,0.85,1773.31,0.75,1727,6,86.3,1727-06-01
198,GCAG,1917,-0.3146,199,108.9,2745.035,2788.15,-390.3,218.4,3.107,1974-09-01,1974.708,327.32,327.32,330.28,24,64939,191.4,Vostok (Petit et al. 1999; Pepin et al. 2001; Raynaud et al. 2005) measured at LGGE in Grenoble,2000,1,2000.042,1775.49,1.11,1773.32,0.77,1727,7,93.3,1727-07-01
199,GISTEMP,1917,-0.4,200,109.45,2761.538,2804.983333,-390.8,218.3,3.117,1974-10-01,1974.792,327.28,327.28,330.36,24,65939,194.9,Vostok (Petit et al. 1999; Pepin et al. 2001; Raynaud et al. 2005) measured at LGGE in Grenoble,2000,2,2000.125,1775.46,1.38,1773.32,0.79,1727,8,68.8,1727-08-01
200,GCAG,1916,-0.293,201,110.0,2777.985,2821.816667,-390.2,218.4,3.117,1974-11-01,1974.875,328.3,328.3,330.28,27,71049,227.3,Vostok (Petit et al. 1999; Pepin et al. 2001; Raynaud et al. 2005) measured at LGGE in Grenoble,2000,3,2000.208,1776.48,1.39,1773.3,0.8,1727,9,119.0,1727-09-01
201,GISTEMP,1916,-0.34,202,110.55,2794.765,2838.65,-395.6,217.5,3.113,1974-12-01,1974.958,329.58,329.58,330.55,28,73227,229.1,Vostok (Petit et al. 1999; Pepin et al. 2001; Raynaud et al. 2005) measured at LGGE in Grenoble,2000,4,2000.292,1777.2,1.32,1773.25,0.81,1727,10,123.6,1727-10-01
202,GCAG,1915,-0.0693,203,111.1,2811.569,2855.313333,-387.7,218.8,3.113,1975-01-01,1975.042,330.73,330.73,330.89,29,77150,217.1,Vostok (Petit et al. 1999; Pepin et al. 2001; Raynaud et al. 2005) measured at LGGE in Grenoble,2000,5,2000.375,1774.58,1.28,1773.18,0.81,1727,11,106.1,1727-11-01
203,GISTEMP,1915,-0.11,204,111.65,2828.377,2871.976667,-388.9,218.6,3.113,1975-02-01,1975.125,331.46,331.46,330.93,26,78183,221.7,Vostok (Petit et al. 1999; Pepin et al. 2001; Raynaud et al. 2005) measured at LGGE in Grenoble,2000,6,2000.458,1768.13,1.22,1773.09,0.81,1727,12,91.0,1727-12-01
204,GCAG,1914,-0.1395,205,112.2,2845.188,2888.64,-388.9,218.6,2.935,1975-03-01,1975.208,331.9,331.9,330.54,18,80614,230.9,Vostok (Petit et al. 1999; Pepin et al. 2001; Raynaud et al. 2005) measured at LGGE in Grenoble,2000,7,2000.542,1763.47,0.89,1772.96,0.8,1728,1,122.7,1728-01-01
205,GISTEMP,1914,-0.16,206,112.75,2863.372,2906.75,-395.4,217.5,2.931,1975-04-01,1975.292,333.17,333.17,330.67,25,82417,241.1,Vostok (Petit et al. 1999; Pepin et al. 2001; Raynaud et al. 2005) measured at LGGE in Grenoble,2000,8,2000.625,1765.46,1.07,1772.81,0.78,1728,2,52.4,1728-02-01
206,GCAG,1913,-0.3162,207,113.3,2880.88,2924.86,-399.5,216.8,2.914,1975-05-01,1975.375,333.94,333.94,330.98,28,83333,236.4,Vostok (Petit et al. 1999; Pepin et al. 2001; Raynaud et al. 2005) measured at LGGE in Grenoble,2000,9,2000.708,1772.03,1.11,1772.63,0.77,1728,3,92.9,1728-03-01
207,GISTEMP,1913,-0.34,208,113.85,2898.493,2942.97,-401.7,216.5,2.832,1975-06-01,1975.458,333.45,333.45,331.2,26,84016,228.0,Vostok (Petit et al. 1999; Pepin et al. 2001; Raynaud et al. 2005) measured at LGGE in Grenoble,2000,10,2000.792,1777.1,0.85,1772.44,0.74,1728,4,94.1,1728-04-01
208,GCAG,1912,-0.3288,209,114.4,2916.62,2961.046667,-392.2,218.0,2.832,1975-07-01,1975.542,331.98,331.98,331.12,24,85020,214.2,Vostok (Petit et al. 1999; Pepin et al. 2001; Raynaud et al. 2005) measured at LGGE in Grenoble,2000,11,2000.875,1777.74,0.99,1772.23,0.72,1728,5,69.1,1728-05-01
209,GISTEMP,1912,-0.35,210,114.95,2935.475,2979.123333,-393.9,217.8,2.795,1975-08-01,1975.625,329.95,329.95,331.11,24,86181,217.0,Vostok (Petit et al. 1999; Pepin et al. 2001; Raynaud et al. 2005) measured at LGGE in Grenoble,2000,12,2000.958,1775.3,1.14,1772.03,0.7,1728,6,140.6,1728-06-01
210,GCAG,1911,-0.4332,211,115.5,2954.216,2997.2,-397.7,217.1,2.752,1975-09-01,1975.708,328.5,328.5,331.48,23,87917,208.0,Vostok (Petit et al. 1999; Pepin et al. 2001; Raynaud et al. 2005) measured at LGGE in Grenoble,2001,1,2001.042,1772.86,0.93,1771.82,0.68,1728,7,82.2,1728-07-01
211,GISTEMP,1911,-0.44,212,116.05,2973.25,3016.216667,-401.1,216.6,2.752,1975-10-01,1975.792,328.35,328.35,331.46,12,90357,224.2,Vostok (Petit et al. 1999; Pepin et al. 2001; Raynaud et al. 2005) measured at LGGE in Grenoble,2001,2,2001.125,1772.53,0.94,1771.63,0.67,1728,8,81.0,1728-08-01
212,GCAG,1910,-0.3789,213,116.6,2992.287,3035.233333,-395.7,217.5,2.811,1975-11-01,1975.875,329.37,329.37,331.41,19,91249,228.3,Vostok (Petit et al. 1999; Pepin et al. 2001; Raynaud et al. 2005) measured at LGGE in Grenoble,2001,3,2001.208,1773.66,0.94,1771.46,0.65,1728,9,110.8,1728-09-01
213,GISTEMP,1910,-0.42,214,117.15,3010.929,3054.25,-398.7,217.0,2.825,1975-12-01,1975.958,-99.99,330.59,331.6,0,94353,232.0,Vostok (Petit et al. 1999; Pepin et al. 2001; Raynaud et al. 2005) measured at LGGE in Grenoble,2001,4,2001.292,1773.87,0.69,1771.31,0.64,1728,10,94.1,1728-10-01
214,GCAG,1909,-0.4261,215,117.7,3029.481,3072.566667,-395.0,217.6,2.838,1976-01-01,1976.042,331.59,331.59,331.79,20,99849,225.8,Vostok (Petit et al. 1999; Pepin et al. 2001; Raynaud et al. 2005) measured at LGGE in Grenoble,2001,5,2001.375,1770.76,0.83,1771.19,0.63,1728,11,131.0,1728-11-01
215,GISTEMP,1909,-0.47,216,118.25,3047.953,3090.883333,-394.7,217.6,2.925,1976-02-01,1976.125,332.75,332.75,332.2,22,100837,230.8,Vostok (Petit et al. 1999; Pepin et al. 2001; Raynaud et al. 2005) measured at LGGE in Grenoble,2001,6,2001.458,1765.84,0.98,1771.1,0.61,1728,12,120.3,1728-12-01
216,GCAG,1908,-0.4396,217,118.8,3065.873,3109.2,-395.8,217.4,2.925,1976-03-01,1976.208,333.52,333.52,332.05,20,101749,236.9,Vostok (Petit et al. 1999; Pepin et al. 2001; Raynaud et al. 2005) measured at LGGE in Grenoble,2001,7,2001.542,1762.78,1.03,1771.04,0.6,1729,1,110.6,1729-01-01
217,GISTEMP,1908,-0.43,218,119.35,3083.797,3127.056667,-391.8,218.1,2.969,1976-04-01,1976.292,334.64,334.64,332.13,19,103465,228.1,Vostok (Petit et al. 1999; Pepin et al. 2001; Raynaud et al. 2005) measured at LGGE in Grenoble,2001,8,2001.625,1764.32,0.98,1771.02,0.59,1729,2,52.0,1729-02-01
218,GCAG,1907,-0.3706,219,119.9,3101.805,3144.913333,,218.4,3.051,1976-05-01,1976.375,334.77,334.77,331.84,22,104704,236.9,Vostok (Petit et al. 1999; Pepin et al. 2001; Raynaud et al. 2005) measured at LGGE in Grenoble,2001,9,2001.708,1770.35,0.87,1771.02,0.57,1729,3,69.7,1729-03-01
219,GISTEMP,1907,-0.4,220,120.45,3119.333,3162.77,-387.9,218.7,3.051,1976-06-01,1976.458,334.0,334.0,331.65,17,105636,230.6,Vostok (Petit et al. 1999; Pepin et al. 2001; Raynaud et al. 2005) measured at LGGE in Grenoble,2001,10,2001.792,1775.49,0.75,1771.06,0.56,1729,4,26.5,1729-04-01
220,GCAG,1906,-0.2174,221,121.0,3136.864,3181.626667,-404.4,216.0,2.761,1976-07-01,1976.542,333.06,333.06,332.14,16,107579,238.2,Vostok (Petit et al. 1999; Pepin et al. 2001; Raynaud et al. 2005) measured at LGGE in Grenoble,2001,11,2001.875,1776.59,0.87,1771.11,0.54,1729,5,69.7,1729-05-01
221,GISTEMP,1906,-0.23,222,121.55,3156.241,3200.483333,-401.1,216.6,2.56,1976-08-01,1976.625,330.68,330.68,331.88,23,108153,245.6,Vostok (Petit et al. 1999; Pepin et al. 2001; Raynaud et al. 2005) measured at LGGE in Grenoble,2001,12,2001.958,1775.91,1.18,1771.19,0.52,1729,6,82.9,1729-06-01
222,GCAG,1905,-0.2931,223,122.1,3177.139,3219.34,-403.4,216.2,2.586,1976-09-01,1976.708,328.95,328.95,331.94,13,109804,251.2,Vostok (Petit et al. 1999; Pepin et al. 2001; Raynaud et al. 2005) measured at LGGE in Grenoble,2002,1,2002.042,1774.09,1.29,1771.3,0.51,1729,7,68.6,1729-07-01
223,GISTEMP,1905,-0.28,224,122.65,3198.229,3239.543333,-391.8,218.1,2.753,1976-10-01,1976.792,328.75,328.75,331.92,20,111862,256.7,Vostok (Petit et al. 1999; Pepin et al. 2001; Raynaud et al. 2005) measured at LGGE in Grenoble,2002,2,2002.125,1772.84,1.04,1771.41,0.51,1729,8,80.7,1729-08-01
224,GCAG,1904,-0.4194,225,123.2,3217.67,3259.746667,-400.5,216.7,2.753,1976-11-01,1976.875,330.15,330.15,332.29,25,113262,266.3,Vostok (Petit et al. 1999; Pepin et al. 2001; Raynaud et al. 2005) measured at LGGE in Grenoble,2002,3,2002.208,1773.4,0.64,1771.55,0.51,1729,9,111.7,1729-09-01
225,GISTEMP,1904,-0.44,226,123.75,3237.115,3279.95,-406.2,215.7,2.742,1976-12-01,1976.958,331.62,331.62,332.66,20,114096,261.4,Vostok (Petit et al. 1999; Pepin et al. 2001; Raynaud et al. 2005) measured at LGGE in Grenoble,2002,4,2002.292,1772.75,0.69,1771.71,0.52,1729,10,94.0,1729-10-01
226,GCAG,1903,-0.3369,227,124.3,3257.018,3299.556667,-392.7,217.9,2.734,1977-01-01,1977.042,332.66,332.66,332.76,24,114601,274.5,Vostok (Petit et al. 1999; Pepin et al. 2001; Raynaud et al. 2005) measured at LGGE in Grenoble,2002,5,2002.375,1770.31,0.7,1771.89,0.53,1729,11,182.4,1729-11-01
227,GISTEMP,1903,-0.35,228,124.85,3276.601,3319.163333,-400.0,216.7,2.738,1977-02-01,1977.125,333.13,333.13,332.51,19,115118,273.2,Vostok (Petit et al. 1999; Pepin et al. 2001; Raynaud et al. 2005) measured at LGGE in Grenoble,2002,6,2002.458,1766.9,0.82,1772.1,0.55,1729,12,157.0,1729-12-01
228,GCAG,1902,-0.2463,229,125.4,3296.536,3338.77,-401.9,216.4,2.791,1977-03-01,1977.208,334.95,334.95,333.35,23,116501,262.5,Vostok (Petit et al. 1999; Pepin et al. 2001; Raynaud et al. 2005) measured at LGGE in Grenoble,2002,7,2002.542,1764.22,0.91,1772.35,0.57,1730,1,73.4,1730-01-01
229,GISTEMP,1902,-0.27,230,125.95,3315.728,3358.116667,-391.3,218.2,2.791,1977-04-01,1977.292,336.13,336.13,333.51,21,117750,267.6,Vostok (Petit et al. 1999; Pepin et al. 2001; Raynaud et al. 2005) measured at LGGE in Grenoble,2002,8,2002.625,1766.87,1.01,1772.64,0.59,1730,2,127.5,1730-02-01
230,GCAG,1901,-0.1417,231,126.5,3335.292,3377.463333,-399.8,216.8,2.734,1977-05-01,1977.375,336.93,336.93,333.98,20,118649,273.7,Vostok (Petit et al. 1999; Pepin et al. 2001; Raynaud et al. 2005) measured at LGGE in Grenoble,2002,9,2002.708,1773.65,0.97,1772.96,0.61,1730,3,92.6,1730-03-01
231,GISTEMP,1901,-0.15,232,127.05,3355.269,3396.81,-404.2,216.0,2.676,1977-06-01,1977.458,336.17,336.17,333.8,22,119672,271.9,Vostok (Petit et al. 1999; Pepin et al. 2001; Raynaud et al. 2005) measured at LGGE in Grenoble,2002,10,2002.792,1778.26,1.27,1773.34,0.61,1730,4,61.4,1730-04-01
232,GCAG,1900,-0.0679,233,127.6,3375.293,3416.733333,-395.6,217.5,2.678,1977-07-01,1977.542,334.88,334.88,334.02,21,120382,265.2,Vostok (Petit et al. 1999; Pepin et al. 2001; Raynaud et al. 2005) measured at LGGE in Grenoble,2002,11,2002.875,1779.53,1.17,1773.76,0.61,1730,5,117.9,1730-05-01
233,GISTEMP,1900,-0.09,234,128.15,3395.691,3436.656667,-397.2,217.2,2.785,1977-08-01,1977.625,332.56,332.56,333.91,18,121017,277.6,Vostok (Petit et al. 1999; Pepin et al. 2001; Raynaud et al. 2005) measured at LGGE in Grenoble,2002,12,2002.958,1779.64,0.85,1774.23,0.6,1730,6,139.5,1730-06-01
234,GCAG,1899,-0.1173,235,128.7,3415.309,3456.58,-398.2,217.0,2.785,1977-09-01,1977.708,331.29,331.29,334.36,19,122344,272.1,Vostok (Petit et al. 1999; Pepin et al. 2001; Raynaud et al. 2005) measured at LGGE in Grenoble,2003,1,2003.042,1777.52,1.03,1774.74,0.58,1730,7,99.9,1730-07-01
235,GISTEMP,1899,-0.16,236,129.25,3434.932,3475.966667,-396.6,217.3,2.833,1977-10-01,1977.792,331.27,331.27,334.52,23,123070,276.4,Vostok (Petit et al. 1999; Pepin et al. 2001; Raynaud et al. 2005) measured at LGGE in Grenoble,2003,2,2003.125,1774.84,1.01,1775.27,0.56,1730,8,80.6,1730-08-01
236,GCAG,1898,-0.2546,237,129.8,3454.226,3495.353333,-395.6,217.5,2.892,1977-11-01,1977.875,332.41,332.41,334.64,21,124213,268.7,Vostok (Petit et al. 1999; Pepin et al. 2001; Raynaud et al. 2005) measured at LGGE in Grenoble,2003,3,2003.208,1774.85,0.91,1775.82,0.54,1730,9,72.2,1730-09-01
237,GISTEMP,1898,-0.28,238,130.35,3472.768,3514.74,-392.7,217.9,2.892,1977-12-01,1977.958,333.6,333.6,334.61,26,124257,266.6,Vostok (Petit et al. 1999; Pepin et al. 2001; Raynaud et al. 2005) measured at LGGE in Grenoble,2003,4,2003.292,1775.8,1.48,1776.39,0.52,1730,10,129.9,1730-10-01
238,GCAG,1897,-0.1224,239,130.9,3491.67,3533.356667,-401.8,216.4,2.932,1978-01-01,1978.042,334.95,334.95,335.01,22,124789,266.3,Vostok (Petit et al. 1999; Pepin et al. 2001; Raynaud et al. 2005) measured at LGGE in Grenoble,2003,5,2003.375,1774.46,1.28,1776.97,0.5,1730,11,108.3,1730-11-01
239,GISTEMP,1897,-0.11,240,131.45,3510.318,3551.973333,-387.3,218.8,2.941,1978-02-01,1978.125,335.25,335.25,334.58,25,125081,279.7,Vostok (Petit et al. 1999; Pepin et al. 2001; Raynaud et al. 2005) measured at LGGE in Grenoble,2003,6,2003.458,1771.68,1.13,1777.51,0.49,1730,12,99.9,1730-12-01
240,GCAG,1896,-0.0974,241,132.0,3528.914,3570.59,-394.6,217.6,2.927,1978-03-01,1978.208,336.66,336.66,335.0,28,125262,273.0,Vostok (Petit et al. 1999; Pepin et al. 2001; Raynaud et al. 2005) measured at LGGE in Grenoble,2003,7,2003.542,1770.71,1.68,1778.02,0.48,1731,1,94.3,1731-01-01
241,GISTEMP,1896,-0.15,242,132.55,3547.602,3589.506667,-397.2,217.2,2.831,1978-04-01,1978.292,337.69,337.69,335.06,18,125434,277.1,Vostok (Petit et al. 1999; Pepin et al. 2001; Raynaud et al. 2005) measured at LGGE in Grenoble,2003,8,2003.625,1774.31,1.46,1778.47,0.48,1731,2,96.1,1731-02-01
242,GCAG,1895,-0.229,243,133.1,3566.928,3608.423333,-394.5,217.6,2.831,1978-05-01,1978.375,338.03,338.03,335.06,26,126347,273.7,Vostok (Petit et al. 1999; Pepin et al. 2001; Raynaud et al. 2005) measured at LGGE in Grenoble,2003,9,2003.708,1780.54,0.93,1778.84,0.48,1731,3,28.7,1731-03-01
243,GISTEMP,1895,-0.21,244,133.65,3586.616,3627.34,-399.5,216.8,2.929,1978-06-01,1978.458,338.01,338.01,335.59,17,126598,267.1,Vostok (Petit et al. 1999; Pepin et al. 2001; Raynaud et al. 2005) measured at LGGE in Grenoble,2003,10,2003.792,1784.69,0.8,1779.11,0.49,1731,4,26.9,1731-04-01
244,GCAG,1894,-0.2808,245,134.2,3605.297,3645.753333,-389.9,218.4,3.018,1978-07-01,1978.542,336.41,336.41,335.57,22,126886,262.5,Vostok (Petit et al. 1999; Pepin et al. 2001; Raynaud et al. 2005) measured at LGGE in Grenoble,2003,11,2003.875,1785.3,0.99,1779.28,0.49,1731,5,50.3,1731-05-01
245,GISTEMP,1894,-0.31,246,134.75,3623.431,3664.166667,-390.8,218.3,3.018,1978-08-01,1978.625,334.41,334.41,335.87,19,127132,262.6,Vostok (Petit et al. 1999; Pepin et al. 2001; Raynaud et al. 2005) measured at LGGE in Grenoble,2003,12,2003.958,1783.55,0.97,1779.33,0.5,1731,6,35.9,1731-06-01
246,GCAG,1893,-0.3212,247,135.3,3641.569,3682.58,-394.4,217.7,3.053,1978-09-01,1978.708,332.37,332.37,335.51,17,127622,275.3,Vostok (Petit et al. 1999; Pepin et al. 2001; Raynaud et al. 2005) measured at LGGE in Grenoble,2004,1,2004.042,1780.85,0.93,1779.26,0.5,1731,7,49.4,1731-07-01
247,GISTEMP,1893,-0.3,248,135.85,3659.503,3700.726667,-391.7,218.1,3.062,1978-10-01,1978.792,332.41,332.41,335.68,23,127907,275.6,Vostok (Petit et al. 1999; Pepin et al. 2001; Raynaud et al. 2005) measured at LGGE in Grenoble,2004,2,2004.125,1779.98,0.89,1779.08,0.5,1731,8,80.8,1731-08-01
248,GCAG,1892,-0.3062,249,136.4,3677.719,3718.873333,-389.2,218.5,3.061,1978-11-01,1978.875,333.75,333.75,335.99,24,128344,274.0,Vostok (Petit et al. 1999; Pepin et al. 2001; Raynaud et al. 2005) measured at LGGE in Grenoble,2004,3,2004.208,1780.96,0.8,1778.81,0.5,1731,9,71.9,1731-09-01
249,GISTEMP,1892,-0.27,250,136.95,3695.606,3737.02,-401.6,216.5,3.009,1978-12-01,1978.958,334.9,334.9,335.88,27,128372,287.1,Vostok (Petit et al. 1999; Pepin et al. 2001; Raynaud et al. 2005) measured at LGGE in Grenoble,2004,4,2004.292,1780.71,0.87,1778.43,0.5,1731,10,113.2,1731-10-01
250,GCAG,1891,-0.2532,251,137.5,3713.807,3754.993333,-387.2,218.9,3.009,1979-01-01,1979.042,336.14,336.14,336.22,27,128609,286.8,Vostok (Petit et al. 1999; Pepin et al. 2001; Raynaud et al. 2005) measured at LGGE in Grenoble,2004,5,2004.375,1777.58,1.04,1777.98,0.5,1731,11,131.1,1731-11-01
251,GISTEMP,1891,-0.24,252,138.05,3732.356,3772.966667,-387.8,218.8,2.966,1979-02-01,1979.125,336.69,336.69,336.01,26,128866,282.6,Vostok (Petit et al. 1999; Pepin et al. 2001; Raynaud et al. 2005) measured at LGGE in Grenoble,2004,6,2004.458,1772.29,1.11,1777.47,0.51,1731,12,119.5,1731-12-01
252,GCAG,1890,-0.322,253,138.6,3750.828,3790.94,-404.9,215.9,2.867,1979-03-01,1979.208,338.27,338.27,336.54,21,129146,264.1,Vostok (Petit et al. 1999; Pepin et al. 2001; Raynaud et al. 2005) measured at LGGE in Grenoble,2004,7,2004.542,1768.04,0.83,1776.94,0.52,1732,1,122.5,1732-01-01
253,GISTEMP,1890,-0.37,254,139.15,3770.297,3810.026667,-388.9,218.6,2.867,1979-04-01,1979.292,338.95,338.95,336.24,21,129340,263.4,Vostok (Petit et al. 1999; Pepin et al. 2001; Raynaud et al. 2005) measured at LGGE in Grenoble,2004,8,2004.625,1769.8,0.92,1776.39,0.53,1732,2,96.7,1732-02-01
254,GCAG,1889,-0.0982,255,139.7,3789.41,3829.113333,-394.9,217.6,2.853,1979-05-01,1979.375,339.21,339.21,336.21,12,129652,257.9,Vostok (Petit et al. 1999; Pepin et al. 2001; Raynaud et al. 2005) measured at LGGE in Grenoble,2004,9,2004.708,1775.49,1.02,1775.87,0.54,1732,3,93.3,1732-03-01
255,GISTEMP,1889,-0.12,256,140.25,3808.621,3848.2,-393.8,217.8,2.847,1979-06-01,1979.458,339.26,339.26,336.84,19,129736,259.0,Vostok (Petit et al. 1999; Pepin et al. 2001; Raynaud et al. 2005) measured at LGGE in Grenoble,2004,10,2004.792,1779.69,0.83,1775.39,0.55,1732,4,61.8,1732-04-01
256,GCAG,1888,-0.1471,257,140.8,3828.24,3867.58,-399.6,216.8,2.846,1979-07-01,1979.542,337.54,337.54,336.72,26,131329,245.0,Vostok (Petit et al. 1999; Pepin et al. 2001; Raynaud et al. 2005) measured at LGGE in Grenoble,2004,11,2004.875,1780.49,0.99,1774.97,0.56,1732,5,118.0,1732-05-01
257,GISTEMP,1888,-0.2,258,141.35,3847.506,3886.96,-400.9,216.6,2.843,1979-08-01,1979.625,335.75,335.75,337.24,23,131455,240.4,Vostok (Petit et al. 1999; Pepin et al. 2001; Raynaud et al. 2005) measured at LGGE in Grenoble,2004,12,2004.958,1778.36,0.94,1774.62,0.56,1732,6,36.0,1732-06-01
258,GCAG,1887,-0.2489,259,141.9,3867.16,3906.34,-391.0,218.2,2.843,1979-09-01,1979.708,333.98,333.98,337.2,19,131728,228.9,Vostok (Petit et al. 1999; Pepin et al. 2001; Raynaud et al. 2005) measured at LGGE in Grenoble,2005,1,2005.042,1776.33,1.12,1774.35,0.57,1732,7,98.9,1732-07-01
259,GISTEMP,1887,-0.33,260,142.45,3886.813,3925.696667,-396.1,217.4,2.816,1979-10-01,1979.792,334.19,334.19,337.53,24,132492,223.5,Vostok (Petit et al. 1999; Pepin et al. 2001; Raynaud et al. 2005) measured at LGGE in Grenoble,2005,2,2005.125,1775.83,0.94,1774.18,0.58,1732,8,80.9,1732-08-01
260,GCAG,1886,-0.2003,261,143.0,3906.291,3945.053333,-398.5,217.0,2.795,1979-11-01,1979.875,335.31,335.31,337.57,27,133069,223.9,Vostok (Petit et al. 1999; Pepin et al. 2001; Raynaud et al. 2005) measured at LGGE in Grenoble,2005,3,2005.208,1775.45,1.01,1774.08,0.59,1732,9,111.3,1732-09-01
261,GISTEMP,1886,-0.31,262,143.55,3926.29,3964.41,-396.5,217.3,2.797,1979-12-01,1979.958,336.81,336.81,337.79,22,133105,220.3,Vostok (Petit et al. 1999; Pepin et al. 2001; Raynaud et al. 2005) measured at LGGE in Grenoble,2005,4,2005.292,1774.58,0.9,1774.06,0.61,1732,10,130.4,1732-10-01
262,GCAG,1885,-0.2125,263,144.1,3946.279,3983.956667,-397.8,217.1,2.848,1980-01-01,1980.042,337.9,337.9,338.09,29,133427,210.6,Vostok (Petit et al. 1999; Pepin et al. 2001; Raynaud et al. 2005) measured at LGGE in Grenoble,2005,5,2005.375,1772.25,0.76,1774.1,0.62,1732,11,55.1,1732-11-01
263,GISTEMP,1885,-0.32,264,144.65,3965.551,4003.503333,-392.9,217.9,2.848,1980-02-01,1980.125,338.34,338.34,337.82,26,134123,208.9,Vostok (Petit et al. 1999; Pepin et al. 2001; Raynaud et al. 2005) measured at LGGE in Grenoble,2005,6,2005.458,1768.53,1.04,1774.18,0.64,1732,12,119.2,1732-12-01
264,GCAG,1884,-0.2009,265,145.2,3985.184,4023.05,-398.7,216.9,2.864,1980-03-01,1980.208,340.01,340.01,338.43,25,134287,203.7,Vostok (Petit et al. 1999; Pepin et al. 2001; Raynaud et al. 2005) measured at LGGE in Grenoble,2005,7,2005.542,1766.25,0.9,1774.3,0.65,1733,1,149.0,1733-01-01
265,GISTEMP,1884,-0.28,266,145.75,4004.712,4041.94,-398.9,216.9,2.881,1980-04-01,1980.292,340.93,340.93,338.3,24,134960,204.5,Vostok (Petit et al. 1999; Pepin et al. 2001; Raynaud et al. 2005) measured at LGGE in Grenoble,2005,8,2005.625,1768.04,1.06,1774.43,0.66,1733,2,127.2,1733-02-01
266,GCAG,1883,-0.1424,267,146.3,4023.769,4060.83,-390.6,218.3,2.881,1980-05-01,1980.375,341.48,341.48,338.43,25,135114,200.4,Vostok (Petit et al. 1999; Pepin et al. 2001; Raynaud et al. 2005) measured at LGGE in Grenoble,2005,9,2005.708,1773.07,1.22,1774.55,0.67,1733,3,93.3,1733-03-01
267,GISTEMP,1883,-0.21,268,146.85,4043.189,4079.72,-390.4,218.3,2.902,1980-06-01,1980.458,341.33,341.33,338.84,22,135207,198.0,Vostok (Petit et al. 1999; Pepin et al. 2001; Raynaud et al. 2005) measured at LGGE in Grenoble,2005,10,2005.792,1778.48,1.27,1774.65,0.66,1733,4,61.8,1733-04-01
268,GCAG,1882,-0.0648,269,147.4,4062.473,4098.75,-402.3,216.4,2.904,1980-07-01,1980.542,339.4,339.4,338.54,21,135603,198.0,Vostok (Petit et al. 1999; Pepin et al. 2001; Raynaud et al. 2005) measured at LGGE in Grenoble,2005,11,2005.875,1781.25,0.94,1774.73,0.65,1733,5,23.0,1733-05-01
269,GISTEMP,1882,-0.1,270,147.95,4081.742,4117.78,-389.9,218.4,2.909,1980-08-01,1980.625,337.7,337.7,339.12,17,135883,201.7,Vostok (Petit et al. 1999; Pepin et al. 2001; Raynaud et al. 2005) measured at LGGE in Grenoble,2005,12,2005.958,1780.26,1.32,1774.77,0.64,1733,6,60.6,1733-06-01
270,GCAG,1881,-0.0628,271,148.5,4100.982,4136.81,-390.3,218.3,2.923,1980-09-01,1980.708,336.19,336.19,339.33,17,136011,200.7,Vostok (Petit et al. 1999; Pepin et al. 2001; Raynaud et al. 2005) measured at LGGE in Grenoble,2006,1,2006.042,1779.51,0.98,1774.78,0.62,1733,7,49.7,1733-07-01
271,GISTEMP,1881,-0.12,272,149.05,4119.779,4156.106667,-398.8,216.9,2.923,1980-10-01,1980.792,336.15,336.15,339.42,25,136251,202.4,Vostok (Petit et al. 1999; Pepin et al. 2001; Raynaud et al. 2005) measured at LGGE in Grenoble,2006,2,2006.125,1779.48,1.01,1774.76,0.6,1733,8,116.3,1733-08-01
272,GCAG,1880,-0.1148,273,149.6,4138.935,4175.403333,-397.8,217.1,2.913,1980-11-01,1980.875,337.27,337.27,339.42,24,136567,195.8,Vostok (Petit et al. 1999; Pepin et al. 2001; Raynaud et al. 2005) measured at LGGE in Grenoble,2006,3,2006.208,1777.39,0.8,1774.74,0.58,1733,9,111.5,1733-09-01
273,GISTEMP,1880,-0.2,274,150.15,4158.16,4194.7,-394.9,217.6,2.909,1980-12-01,1980.958,338.32,338.32,339.26,19,136655,201.1,Vostok (Petit et al. 1999; Pepin et al. 2001; Raynaud et al. 2005) measured at LGGE in Grenoble,2006,4,2006.292,1776.11,0.62,1774.71,0.57,1733,10,94.5,1733-10-01
